-- phpMyAdmin SQL Dump
-- version 5.0.4
-- https://www.phpmyadmin.net/
--
-- Host: 127.0.0.1
-- Generation Time: Feb 01, 2021 at 08:21 AM
-- Server version: 10.4.17-MariaDB
-- PHP Version: 8.0.0

SET SQL_MODE = "NO_AUTO_VALUE_ON_ZERO";
START TRANSACTION;
SET time_zone = "+00:00";


/*!40101 SET @OLD_CHARACTER_SET_CLIENT=@@CHARACTER_SET_CLIENT */;
/*!40101 SET @OLD_CHARACTER_SET_RESULTS=@@CHARACTER_SET_RESULTS */;
/*!40101 SET @OLD_COLLATION_CONNECTION=@@COLLATION_CONNECTION */;
/*!40101 SET NAMES utf8mb4 */;

--
-- Database: `edirectory`
--

-- --------------------------------------------------------

--
-- Table structure for table `contact_details`
--

CREATE TABLE `contact_details` (
  `id` int(5) NOT NULL,
  `name` varchar(255) DEFAULT NULL,
  `home_address` varchar(255) DEFAULT NULL,
  `office_address` varchar(255) DEFAULT NULL,
  `siting_address` varchar(255) CHARACTER SET utf8 DEFAULT NULL,
  `cont_personal_no` varchar(255) DEFAULT NULL,
  `cont_office_no` varchar(150) DEFAULT NULL,
  `cont_fax` varchar(40) DEFAULT NULL,
  `cont_email` varchar(100) DEFAULT NULL,
  `constituency` varchar(30) CHARACTER SET utf8 DEFAULT NULL,
  `designation_id` int(5) DEFAULT NULL,
  `department_id` int(5) DEFAULT NULL,
  `nigam_city` varchar(100) CHARACTER SET utf8 DEFAULT NULL,
  `district` varchar(50) CHARACTER SET utf8 DEFAULT NULL,
  `pbx` varchar(10) CHARACTER SET utf8 DEFAULT NULL,
  `vidhansabha_contact` varchar(255) CHARACTER SET utf8 DEFAULT NULL
) ENGINE=InnoDB DEFAULT CHARSET=utf8mb4;

--
-- Dumping data for table `contact_details`
--

INSERT INTO `contact_details` (`id`, `name`, `home_address`, `office_address`, `siting_address`, `cont_personal_no`, `cont_office_no`, `cont_fax`, `cont_email`, `constituency`, `designation_id`, `department_id`, `nigam_city`, `district`, `pbx`, `vidhansabha_contact`) VALUES
(1, 'श्री प्रेम कुमार', 'एस-0/14, जे-13 ग्रीन आर्चिड काॅलोनी', 'दलदल सिवनी, मोवा रायपुर', '', '9406479108', '', '2510002,2510622', 'secyfcg@yahoo.com', NULL, 1, 1, NULL, NULL, NULL, NULL),
(2, 'श्री के.एल.चैहान', 'एस- 0/41, सेक्टर-9 स्ट्रीट-15', 'हाऊस    न.-4 भिलाई', NULL, '94252-44097', NULL, '2510949', 'kumarlalchouchan@gmail.com', NULL, 2, 1, NULL, NULL, NULL, NULL),
(3, 'श्री अभिषेक कुमार सिंह', 'एस- 0/34-35 , मकान न.-113', 'ऐश्वर्या एम्पायर लभंाडी, अवंती विहार, रायपुर', NULL, '74705-63204', NULL, '2510151', 'aks-164@gmail.com', NULL, 3, 1, NULL, NULL, NULL, NULL),
(4, 'श्री राजकुमार चंचलानी', 'एस-3/09, ई-01/02 ', 'सेक्टर-17 अटल नगर नवा रायपुर', NULL, '62682-89797', NULL, '2510949', NULL, NULL, 4, 1, NULL, NULL, NULL, NULL),
(5, 'श्री के.पी. राजपूत', 'एडी-1- सी-15,जी-54, न्यू पंचशील नगर ', 'सिविल लाईन रायपुर ', NULL, '99079-85790', NULL, '2510143', 'kprajput2601@gmail.com', NULL, 4, 1, NULL, NULL, NULL, NULL),
(6, 'श्री श्रीधर नायडू', 'एडी-1/सी-16, जे-55, सेक्टर-2,', 'शंकर नगर, रायपुर', NULL, '94252-09828', NULL, '2510522', 'k_snaidu7@hotmail.com', NULL, 5, 1, NULL, NULL, NULL, NULL),
(7, 'श्री रामविचार नेताम', NULL, '601, स्वर्ण जयंती सदन, डाॅ. बी.डी. मार्ग,  नई दिल्ली-110001।', NULL, '9013181558', NULL, '214030074/23356800', NULL, NULL, 6, 2, NULL, NULL, NULL, NULL),
(8, 'श्रीमती छाया वर्मा ', NULL, 'सी-501, स्वर्ण जयंती सदन, डाॅ. बी.डी. मार्ग, नई दिल्ली-110001।', NULL, '9013181434', NULL, '23724656	', NULL, NULL, 6, 2, NULL, NULL, NULL, NULL),
(9, 'सुश्री सरोज पांडेय', NULL, '6, तुलगक लेन, नई दिल्ली।', NULL, '9013181040', NULL, '23094479', NULL, NULL, 6, 2, NULL, NULL, NULL, NULL),
(10, 'श्री के.टी.एस. तुलसी', NULL, '3, मोतीलाल नेहरू मार्ग, नई दिल्ली', NULL, '9810239775', NULL, '23063860/23063861', NULL, NULL, 6, 2, NULL, NULL, NULL, NULL),
(11, 'श्रीमती फूलोदेवी नेताम', NULL, 'छत्तीसगढ़ भवन, 7, सरदार पटेल मार्ग, चाणक्यपुरी, नई दिल्ली।', NULL, '', NULL, '45231000', NULL, NULL, 6, 2, NULL, NULL, NULL, NULL),
(12, 'श्री चुन्नीलाल साहू', '', '175, नार्थ एवेन्यू, नई दिल्ली।', NULL, '9977909977', NULL, '', NULL, 'महासमुन्द', 7, 3, NULL, NULL, NULL, NULL),
(13, 'श्री दीपक बैज', '', 'बी-703, गोमती अपार्टमेंट, बी.के.एस.मार्ग, नई दिल्ली।', NULL, '8817277727', NULL, '', NULL, 'बस्तर', 7, 3, NULL, NULL, NULL, NULL),
(14, 'सुश्री गोमती साय', '', '185, नार्थ एवेन्यू, नई दिल्ली।', NULL, '9977042776', NULL, '', NULL, 'रायगढ़', 7, 3, NULL, NULL, NULL, NULL),
(15, 'श्री गुहाराम अजगल्ले', '', 'सी-1/12 ए, लोधी गार्डन, नई दिल्ली।', NULL, '7771863377', NULL, '', NULL, 'जांजगीर चांपा', 7, 3, NULL, NULL, NULL, NULL),
(16, 'श्रीमती ज्योत्सना चरणदास महंत ', '', '183, नार्थ एवेन्यू, नई दिल्ली।', NULL, '942414444', NULL, '45231000', NULL, 'कोरबा', 7, 3, NULL, NULL, NULL, NULL),
(17, 'श्री मोहन मंडावी ', '', '187, नार्थ एवेन्यू,नई दिल्ली।', NULL, '9425262199', NULL, '', NULL, 'कांकेर', 7, 3, NULL, NULL, NULL, NULL),
(18, 'श्रीमती रेणुका सिंह सरूता  ', '9, तीन मूर्ति मार्ग, नई दिल्ली।', 'जनजातीय कार्य मंत्रालय\n127, सी - विंग, निर्माण भवन,\r\nनई दिल्ली।', NULL, '9826359993', NULL, '23062153/23062154', NULL, 'सरगुजा', 8, 3, NULL, NULL, NULL, NULL),
(19, 'श्री संतोष पाण्डेय', NULL, '173, नार्थ एवेन्यू ,नई दिल्ली।', NULL, '9425246668', NULL, NULL, NULL, 'राजनांदगाँव', 7, 3, NULL, NULL, NULL, NULL),
(20, 'श्री सुनील कुमार सोनी ', NULL, '111, साउथ एवेन्यू, नई दिल्ली।', NULL, '9425207500', NULL, NULL, NULL, 'रायपुर', 7, 3, NULL, NULL, NULL, NULL),
(21, 'श्री विजय बघेल', NULL, '124-126, नार्थ एवेन्यू, नई दिल्ली।', NULL, '8770360478', NULL, NULL, NULL, 'दुर्ग ', 7, 3, NULL, NULL, NULL, NULL),
(22, 'श्री गुलाब कमरो', 'ग्राम- वार्ड क्र. 04, साल्ही पो- कठौतिया,तहसील- मनेन्द्रगढ़, जिला -कोरिया', 'द्वारा- श्री त्रिभुवन प्रसाद शर्मा,पिता स्व. शत्रुहन प्रसाद शर्मा,म.न. एल/10,  वार्ड नं. 27, डाॅ. भीमराव आम्बेडकर वार्ड, दुबे काॅलोनी, मोवा, रायपुर, (छ.ग.)एफ-1, सिंचाई काॅलोनी, कटोरा तालाब, रायपुर', '', '7049675333 /9926117198', '', NULL, '', '1-भरतपुर-सोनहट,जिला –कोरिया (अ', 9, 4, NULL, NULL, NULL, NULL),
(23, 'डाॅ. विनय जायसवाल', 'ग्राम-गोदरी पारा पो- हल्दीबाड़ी,तह-चिरमिरी\r\nजिला- कोरिया', '43, सिग्नेचर होम,मैग्नेटो माॅल के पीछे,\r\nरिंग रोड़ नं - 1\r\nरायपुर (छ.ग.)', NULL, '9301088418', NULL, NULL, NULL, '2. मनेन्द्रगढ़, जिला -कोरिया', 9, 4, NULL, NULL, NULL, NULL),
(24, 'श्रीमती अम्बिका सिंह देव', 'रामाकुंज बिलास,पो- बैकुन्ठपुर\r\nतह- बैकुन्ठपुर\r\nजिला- कोरिया', 'ई-1/30,सेक्टर-17, \r\nनवा रायपुर, \r\nअटल नगर\r\nमान संसदीय सचिव', NULL, '9831005359', NULL, NULL, NULL, '3. बैकुन्ठपुर,जिला -कोरिया', 10, 4, NULL, NULL, NULL, NULL),
(25, 'श्री खेल साय सिंह', 'ग्राम- शिवपुर,पो.-भुवनेश्वरपुर\r\nतहसील -रामानुज नगर,\r\nजिला-सूरजपुर,\r\n(छ.ग.)\r\nपिन नं.- 497333', 'सी-2/20,आनंद नगर,\r\nरायपुर, (छ.ग.)', NULL, '9424249006/9009622800', NULL, NULL, NULL, '4 -प्रेमनगर,जिला -सूरजपुर', 9, 4, NULL, NULL, NULL, NULL),
(26, 'श्री गुलाब कमरोश्री पारस नाथ राजवाडे़', 'ग्राम व पो.-बतरा, पटेल पारा,तहसील- भैयाथान,\r\nजिला- सूरजपुर,\r\n(छ.ग.)\r\nपिन नं.-497226', 'सी-2/20,आनंद नगर,\r\nरायपुर, (छ.ग.)\r\nसी-4, \r\nवन काॅलोनी\r\nजी.ई. रोड,\r\nराजातालाब\r\nरायपुर (छ.ग.)', NULL, '9165404561/9407638142', NULL, NULL, NULL, '5- भटगांव जिला - सूरजपुर', 10, 4, NULL, NULL, NULL, NULL),
(27, 'डाॅ. प्रेमसाय सिंह टेकाम', 'मान मंत्री ग्राम/पो- प्रतापपुर,जिला - सरगुजा', 'सी-4, \nवन कालोनी\r\nजी.ई. रोड,\r\nराजातालाब\r\nरायपुर (छ.ग.)\r\nडी-7 एवं डी-8,\r\nशंकर नगर,\r\nरायपुर, (छ.ग.)', NULL, '9826816232/9826116232', NULL, NULL, NULL, '6. प्रतापपुर (अ.ज.जा.)जिला - स', 11, 4, NULL, NULL, NULL, NULL),
(28, 'श्री बृहस्पत सिंह', 'जेलरोड-रामानुजगंज,\r\nपो,थाना,तह- रामानुजगंज,\r\nजिला-बलरामपुर,\r\n(छ.ग.)\r\nपिन नं.-497290', 'डी-6,सिविल लाईन,\r\nरायपुर, (छ.ग.)', NULL, '9926105315/9926139362', NULL, NULL, NULL, '7. रामानुजगंज (अ.ज.जा) जिला- ब', 9, 4, NULL, NULL, NULL, NULL),
(29, 'श्री चिन्तामणि महाराज', 'वार्ड़ क्र - 40भाथुपारा, पो-अम्बिकापुर, \r\nजिला-सरगुजा,\r\n(छ.ग.)', 'ई-1/32, सेक्टर-17,नवा रायपुर,\r\nअटल नगर', NULL, '9617370471', NULL, NULL, NULL, '8 सामरी(अ.ज.जा.)\r\nजिला- बलरामप', 9, 4, NULL, NULL, NULL, NULL),
(30, 'डाॅ. प्रीतम राम', 'ग्राम.पो.-राजपुर मडुवा पारा, तहसील-राजपुर,\r\nजिला-बलरामपुर,\r\n(छ.ग.)', 'ट्रिपलेक्स बंगला नं. 15 छत्तीसगढ़ गृह निर्माण मण्डल फेस-2 कचना रायपुर ', NULL, '9977267877', NULL, NULL, NULL, '9. लुण्ड्रा(अ.ज.जा.)\r\nजिला- सर', 9, 4, NULL, NULL, NULL, NULL),
(31, 'श्री टी.एस. बाबा', 'कोठीघर, (पैलेस) तहसील- अंबिकापुर,जिला- सरगुजा,\r\n(छ.ग.)', 'डी-8,सिविल लाईन,\r\nरायपुर', NULL, '9425254054', NULL, '07774-221199', NULL, '10- अंबिकापुर,जिला- सरगुजा', 11, 4, NULL, NULL, NULL, NULL),
(32, 'श्री अमरजीत भगत', '1.शिव शक्ति भवन, केनाबांध, बौरीपारा,पो व तह. अंबिकापुर\r\nजिला- सरगुजा,\r\n(छ.ग.)', 'ई-1,गांधी उद्यान के पीछे, \r\nसिविल लाईन, रायपुर', NULL, '9826190768/9425582024', NULL, NULL, NULL, '11-सीतापुर(अ.ज.जा.)\r\nजिला-सरगु', 11, 4, NULL, NULL, NULL, NULL),
(33, 'श्री विनय कुमार भगत', 'ग्राम - सरनाटोली,सन्नारोड\r\nतहसील - जशपुर\r\nजिला - जशपुर\r\nपिन- 496331', 'ई-1,गांधी उद्यान के पीछे, \r\nसिविल लाईन, रायपुर\r\nभगत सर्विस सेंटर (पेट्रोल पम्प)\r\nपुलिस थाना के सामने,\r\nम्ंादिर हसौद,\r\nरायपुर, (छ.ग.)\r\nपिन - 492001', NULL, '9340771918/9329441415', NULL, NULL, NULL, '12- जशपुर(अ.ज.जा.)\r\nजिला- जशपु', 9, 4, NULL, NULL, NULL, NULL),
(34, 'श्री यू.डी. मिंज', 'ग्राम-तपकरा रोड पो-कुनकुरी\r\nतहसील- कुनकुरी\r\nजिला - जशपुर', 'ई-2/45,सेक्टर-17,\r\nनवा रायपुर\r\nअटल नगर', NULL, '9303332200/9425530489', NULL, NULL, NULL, '13-कुनकुरी(अ.ज.जा.)\r\nजिला- जशप', 10, 4, NULL, NULL, NULL, NULL),
(35, 'श्री रामपुकार सिंह ठाकुर', 'ग्राम- वार्ड नं 14 मकान नं 18\r\nपो- पत्थलगांव\r\nतहसील- पत्थलगांव \r\nजिला- जशपुर', 'मकान नं. 17, मौलश्री विहार, 36 सिटी माॅल के पीछे, \r\nरायपुर', NULL, '9993728866', NULL, NULL, NULL, '14-पत्थलगांव(अ.ज.जा) \r\nजिला -ज', 9, 4, NULL, NULL, NULL, NULL),
(36, 'श्री चक्रधर सिंह सिदार', 'ग्राम-गौटीया पारा पो-\r\nकटकलिया,\r\nतहसील-लैलूॅंगा\r\nजिला-रायगढ़\r\nपिन-496113', 'मकान नं. 42, मौलश्री विहार,36 सिटी माॅल के पीछे, \r\nरायपुर', NULL, '9753377747', NULL, NULL, NULL, '15-लैलंगा(अ.ज.जा.)\r\nजिला -रायग', 9, 4, NULL, NULL, NULL, NULL),
(37, 'श्री प्रकाश शक्राजीत नायक', '3,4, गजानंदपुरम,जिलाः रायगढ़\r\nपिन कोडः496001', 'ई-7,सिंचाई कालोनी,\r\nकटोरा तालाब,\r\nरायपुर, (छ.ग.)', NULL, '9300757294/9406157294', NULL, NULL, NULL, '16-रायगढ़, जिला -रायगढ़', 9, 4, NULL, NULL, NULL, NULL),
(38, 'श्रीमती उत्तरी गनपत जांगडे़', 'मुडवाभाठा, तालाब पारा चांटीपाली सारंगढ़, जिला रायगढ़ ', 'मकान नं. 15, ब्लाक नं. 02, हाऊसिंग बोर्ड कालोनी, (विधायक कालोनी के पीछे) पुरैना रायपुर', NULL, '8103111131/9754120746', NULL, NULL, NULL, '17- सांरगढ़(अ.जा.)\r\nजिला- रायगढ़', 9, 4, NULL, NULL, NULL, NULL),
(39, 'श्री उमेश पटेल', 'ग्राम  व पो.- नंदेली, जिला-रायगढ,\r\n(छ.ग.)\r\nपिन नं.- 496001', 'डी-1/2आफिसर्स कालोनी,\r\nदेवेन्द्र नगर,\r\nरायपुर, (छ.ग.)', NULL, '9407700000', NULL, '07762-271571', NULL, '18- खरसिया,जिला- रायगढ़ ', 11, 4, NULL, NULL, NULL, NULL),
(40, 'श्री लालजीत सिंह राठिया', 'ग्राम- बोकरामुड़ा,वृन्दावन\r\nपो. - रीलो, तहसील-\r\nधर्मजयगढ़,\r\nजिला-रायगढ़,\r\n(छ.ग.) \r\nपिन नं.- 496665', 'एम.आई.जी-44,हाऊसिंग बोर्ड कालोनी,\r\nसड्डू\r\nरायपुर, (छ.ग.)', NULL, ' 9977815873/8103990025', NULL, NULL, NULL, '19- धर्मजयगढ़(अ.ज.जा.)\r\nजिला-रा', 9, 4, NULL, NULL, NULL, NULL),
(41, 'श्री ननकी राम कंवर', 'ग्राम- बंधवाभांठा,पो-सरगबुंदिया,\r\n(करतला)\r\nरानी रोड़, कोरबा\r\nजिला-कोरबा\r\n(छ.ग.)', 'आवास क्र 45, विधायक आवासीय काॅलोनी,\r\n36 माल के पीछे,\r\nरायपुर, (छ.ग.)', NULL, '9425224718', NULL, NULL, NULL, '20-रामपुर(अ.ज.जा.)\r\nजिला-कोरबा', 9, 4, NULL, NULL, NULL, NULL),
(42, 'श्री जयसिंह अग्रवाल (जयसिंह भैय्या)', 'शांति निवास, अग्रसेन भवन के सामने, \r\nपो./जिला- कोरबा,\r\n(छ.ग.)\r\nपिन.नं.- 495677', 'फ्लैट नं. - 101,105,एकजोटिका बिल्डिंग\r\nदूरदर्शन टावर के सामने,\r\nरायपुर, (छ.ग.)', NULL, '9425224712', NULL, NULL, NULL, '21-कोरबा,जिला - कोरबा', 11, 4, NULL, NULL, NULL, NULL),
(43, 'श्री पुरूषोत्तम कंवर', 'ग्राम पो- हल्दी बाजार,तहसील- पाली\r\nजिला - कोरबा\r\nपिन-495446', 'फ्लैट नं. सी - 201,\r\nद्वितीय तल,\r\nसी.जी.हाईटस,\r\nदलदल सिवनी रोड, मोवा,\r\nरायपुर', NULL, '7999862142', NULL, NULL, NULL, '22-कटघोरा,जिला-कोरबा', NULL, 4, NULL, NULL, NULL, NULL),
(44, 'श्री मोहित राम', 'ग्राम - पोलमी,पो- सिल्ली\r\nतहसील- पाली\r\nजिला - कोरबा\r\nपिन-495442', 'मकान न.-201 बीएसएनएल एक्सचेंज कार्यालय,\r\nविधानसभा रोड़ समीप,\r\nएसएमसी हास्पिटल अशोका रतन\r\nआदित्य हाईट्स, रायपुर', NULL, '9827918833/9827180954', NULL, NULL, NULL, '23-पाली-तानाखार (अ.ज.जा.)\r\nजिल', 9, 4, NULL, NULL, NULL, NULL),
(45, 'डाॅ. के.के. ध्रुव', 'ग्राम/पो-कुम्हारी मकान-अस्पताल परिसर\r\nडाक-मरवाही\r\nजिला -गौरेला पेन्डा', '', NULL, '9424151283/9926645444', NULL, NULL, NULL, '24-मरवाही (अ.ज.जा.)\r\nजिला - बि', 9, 4, NULL, NULL, NULL, NULL),
(46, 'डाॅ. (श्रीमती)  रेणु अजीत जोगी', 'पेण्ड्रा रोड, (गौरेला) तहः पेण्ड्रा रोड,\r\nजिला- बिलासपुर,\r\n(छ.ग.)', 'द्वारा श्री अरूण चैहान,फ्लैट नं. 102,\r\nए ब्लाक, ए विंग,\r\nसृष्टि प्लाजा\r\nअवन्ति विहार\r\nरायपुर, (छ.ग.)', NULL, '9425205678', NULL, '0771-2445333', NULL, '25-कोटा,जिला - बिलासपुर', 9, 4, NULL, NULL, NULL, NULL),
(47, 'श्री धर्मजीत सिंह', 'मातोश्री,विकास नगर,\r\n27 खोली\r\nजिला- बिलासपुर', 'ई-13, शांति नगर,रायपुर', NULL, '9827133116/9425530734', NULL, NULL, NULL, '26-लोरमी,जिला - बिलासपुर', 9, 4, NULL, NULL, NULL, NULL),
(48, 'श्री पुन्नूलाल मोहले', 'ग्राम व पोस्टः दशरंगपुर, जिला- मुंगेली,\r\n(छ.ग.) ', 'सी -1, वन कालोनी, राजा तालाब, रायपुर, (छ.ग.)', NULL, '9425219600', NULL, '0771-2420315,0771-2420316', NULL, '27-मुंगेली(अ.जा.)\r\nजिला - मुंग', 9, 4, NULL, NULL, NULL, NULL),
(49, 'डा. (श्रीमती) रश्मि आशिष सिंह', 'ग्राम - परसदा,पो- तिफरा\r\nतहसील- बिलासपुर\r\nजिला- बिलासपुर', 'सी-1/8 एवं सी-1/10\r\nआनंद नगर, रायपुर, (छ.ग.)', NULL, '9755900009', NULL, NULL, NULL, '28-तखतपुर,जिला - बिलासपुर', 12, 4, NULL, NULL, NULL, NULL),
(50, 'श्री शैलेश पाण्डेय', 'Ex-8, आंसमा कालोनी,सकरी,\r\nपो-सकरी\r\nतहसील- तखतपुर\r\nजिला- बिलासपुर', 'द्वारा श्री एस.के.बाजपेई, बालाजी मंदिर के पास, \r\nआनंद नगर, रायपुर', NULL, '6269306666/9977961334', NULL, NULL, NULL, '30-बिलासपुर, जिला-बिलासपुर', 9, 4, NULL, NULL, NULL, NULL),
(51, 'श्री रजनीश कुमार सिंह', 'ग्राम - पौंसरा,शक्ति मोहल्ला\r\nपो- पौंसरा\r\nतहसील - बिल्हा\r\nजिला - बिलासपुर\r\nपिन-495009', '132,व्ही.आई.पी. सिटी\r\nरायपुर', NULL, '9993599579', NULL, NULL, NULL, '31-बेलतरा,जिला - बिलासपुर', 9, 4, NULL, NULL, NULL, NULL),
(52, 'डाॅ. कृष्णमूर्ति बांधी', 'ग्राम - शिव कृपा कुंज, नर्मदा नगर\r\nरिंग रोड\r\nतहसील - बिलासपुर\r\nजिला - बिलासपुर\r\nपिन-495001', 'आर -1,ग्रीन पैराडाइज,\r\nविशाल नगर,\r\nरायपुर\r\nछ.ग.', NULL, '8085511501/9425506633', NULL, NULL, NULL, '32-मस्तूरी (अ.जा.) \r\nजिलाः बिल', 9, 4, NULL, NULL, NULL, NULL),
(53, 'श्री सौरभ सिंह', 'पुरानी बस्ती, तहसीलः अकलतरा,\r\nजिलाःजांजगीर', '404, Natuaral Building\r\nदलदल सिवनी,\r\nमोवा,\r\nरायपुर, (छ.ग.)', NULL, '9425530745', NULL, NULL, NULL, '33-अकलतरा,जिला- जांजगीर-चांपा ', 9, 4, NULL, NULL, NULL, NULL),
(54, 'श्री नारायण चंदेल', 'स्टेशन रोड,पो- नैला\r\nतहसील-जांजगीर\r\nजिला- जांजगीर चांपा\r\nपिन-495668', 'मकान न.- 22,36 माॅल के पिछे,\r\nविधायक कालोनी,\r\nरायपुर', NULL, '9425220221', NULL, '07817-222195', NULL, '34-जांजगीर-चांपा,जिला -जांजगीर', 9, 4, NULL, NULL, NULL, NULL),
(55, 'डाॅ. चरणदास महंत', 'ग्राम- सारागांव,पो- सारागांव\r\nजिला- जांजगीर चांपा', 'स्पीकर हाऊस,ए-1,\r\nसिविल लाईन, \r\nशंकर नगर, \r\nरायपुर', NULL, '9424201111', NULL, NULL, NULL, '35 सक्ती,जांजगीर-चांपा \r\nजिला-', 13, 4, NULL, NULL, NULL, NULL),
(56, 'श्री रामकुमार यादव', 'ग्राम- जमगहन,पो- मुक्ता\r\nतहसील-\r\nमालखरौदा\r\nजिला -जांजगीर-चांपा ', 'द्वारा- श्री दीवाकर कुमार यादव,अशोका हाईट ब्लाक- सी\r\nफ्लेट नं.-203,\r\nमेवा, \r\nरायपुर, (छ.ग.)', NULL, '9981715300', NULL, NULL, NULL, '36-चन्द्रपुर\nजिला -जांजगीर-चां', 9, 4, NULL, NULL, NULL, NULL),
(57, 'श्री केशव प्रसाद चन्द्रा', 'जैजैपुर,तहसील-जैजैपुर जिला-जांजगीर- चांपा, \r\n(छ.ग.)', 'बी/27 व्र्ही.आइ.पी. सीटी,\r\nसड्डू कालोनी के आगे,\r\nरायपुर', NULL, '9981830982', NULL, NULL, NULL, '37-जैजैपुर,जिला जांजगीर-चांपा ', 9, 4, NULL, NULL, NULL, NULL),
(58, 'श्रीमती इंदू  बंजारे', 'ग्राम - वार्ड न.-16 भिलौनी\r\nहाईस्कूल रोड \r\nपो-डोगाकोह रौद\r\nतहसील- पामगढ़\r\nजिला- जांजगीर- चांपा, \r\n(छ.ग.)\r\nपिन-495554', 'मकान नं. एन-12 ग्लेक्सी आइलैण्ड महालेखाकार कार्यालय के पीछे, सकरी, रायपुर', NULL, '9893444173', NULL, NULL, NULL, '38-पामगढ़ (अ.जा.)\r\nजिला -जांजगी', 9, 4, NULL, NULL, NULL, NULL),
(59, 'श्री किस्मत लाल नन्द', 'संतपाली, डाकघरः भंवरपुर,तहसीलःबसना,\r\nजिलाःमहासमुन्द,\r\nपिन कोडः493558', 'द्वारा श्री विवेक कुमार श्रीवास्तव,मकान नम्बर 197,\r\nसिमरन सिटी\r\nमठपुरेना, रायपुर', NULL, '7771024939', NULL, NULL, NULL, '39-सराईपाली(अ.जा.)\r\nजिला -महास', 9, 4, NULL, NULL, NULL, NULL),
(60, 'श्री देवेन्द्र बहादुर सिंह', 'राजमहल पो- सरायपाली\r\nतहसीलः सरायपाली\r\nजिलाः महासमुन्द ', 'जयश्री मर्लिन विहार, बी-ब्लाक 5-ए, मण्डी गेट रोड रायपुर', NULL, '9425250322', NULL, NULL, NULL, '40-बसना, जिला -महासमुन्द', 9, 4, NULL, NULL, NULL, NULL),
(61, 'श्री द्वारिकाधीश यादव', 'ग्रामः फुरगुना,तहसीलः पिथौरा,\r\nजिलाःमहासमुन्द', 'ई-1/33, सेक्टर-17, नवा रायपुर\r\nअटल नगर ', NULL, '9826702338', NULL, NULL, NULL, '41-खल्लारी,जिला -महासमुन्द', 10, 4, NULL, NULL, NULL, NULL),
(62, 'श्री विनोद सेवन लाल चन्द्राकर', 'ग्राम- लालवानी गली, बस स्टेन्ट के सामने,\r\nपो - महासमुन्द\r\nजिला-महासमुन्द', 'ई-4, बाटल हाऊस के पास,शंकर नगर,\r\nरायपुर', NULL, '9425203876', NULL, NULL, NULL, '42- महासमुन्द,जिला -महासमुन्द', 10, 4, NULL, NULL, NULL, NULL),
(63, 'श्री चन्द्रदेव प्रसाद राय', 'ग्राम- गढ़भाठा,पो- बालपुर\r\nतहसील- बिलाईगढ़\r\nजिला- बलौदा बाजार भाटापारा \r\nपिन-493559', 'ई-1/31,सेक्टर-17,\r\nनवा रायपुर\r\nअटल नगर', NULL, '9827970691/9301225700', NULL, NULL, NULL, '43-बिलाईगढ़,(अ.जा.)\r\nजिला  - बल', 10, 4, NULL, NULL, NULL, NULL),
(64, 'सुश्री शकुन्तला साहू', 'ग्राम - रसौटा,ढ़िमर पारा\r\nपो- कोसमंदी\r\nतहसील- पलारी\r\nजिला- बलौदा बाजार भाटापारा ', 'ई-2/42,सेक्टर-17,\r\nनवा रायपुर\r\nअटल नगर', NULL, '8959985390', NULL, NULL, NULL, '44-कसडोल\nजिला  - बलौदा- बाजार-', 10, 4, NULL, NULL, NULL, NULL),
(65, 'श्री प्रमोद कुमार शर्मा', 'ग्राम- वैष्णव कालोनी, गार्डन चैक\r\nपो- बलौदा बाजार\r\nतहसील- बलौदा बाजार\r\nजिला  - बलौदा- बाजार- भाटापारा', 'क्वा.न. AI-39,अशोका आईकान,\r\nमोवा, \r\nविधानसभा रोड रायपुर \r\n(छ.ग.)\r\n', NULL, '9826421198', NULL, NULL, NULL, '45-बलौदाबाजार\nजिला  - बलौदा- ब', 9, 4, NULL, NULL, NULL, NULL),
(66, 'श्री शिवरतन शर्मा', 'सुभाष वार्ड, भाटापारा,जिला - बलौदा बाजार भाटापारा, \r\n(छ.ग.) \r\nपिन-493118', 'आवास क्र-112,दुसरा माला,\r\nअरिंहंत काम्प्लेक्स,\r\nगुरूद्वारा के बाजु में,\r\nस्टेशन के सामने\r\nरायपुर  (छ.ग.)', NULL, '094252-06885,098261-06885', NULL, NULL, NULL, '46-भाटापारा, जिला  - बलौदा- बा', 9, 4, NULL, NULL, NULL, NULL),
(67, 'श्रीमती अनिता योगेन्द्र शर्मा', 'ग्राम -टेकारी,पो- गिरौद\r\nतहसील-धरसींवा\r\nजिला -रायपुर\r\nपिन-493111', 'मकान नम्बर 14,अवनि प्राईड,\r\nदलदल सिवनी,\r\nमोवा, रायपुर', NULL, '9424200122', NULL, NULL, NULL, '47-धरसीवा जिला- रायपुर', 9, 4, NULL, NULL, NULL, NULL),
(68, 'श्री सत्यनारायण शर्मा', 'शर्मा सदन,गणेशराम नगर,\r\nबांस टाल, \r\nपुराना बस स्टैंड के पीछे,\r\nरायपुर, \r\n(छ.ग.) ', '', NULL, '9425204000/98261-40000', NULL, '0771-2535300,2534449', NULL, '48-रायपुर ग्रामीण,जिला- रायपुर', 9, 4, NULL, NULL, NULL, NULL),
(69, 'श्री विकास उपाध्याय', 'लक्ष्मी नगर, ओम सदन, दावडा कालोनी, रायपुर', 'सी -1,साईंस कालोनी,\r\nसाईंस कांलेज परिसर, \r\nरायपुर  (छ.ग.)', NULL, '9329129890/9827178910', NULL, NULL, NULL, '49-रायपुर नगर, पश्चिम\nजिला- रा', 10, 4, NULL, NULL, NULL, NULL),
(70, 'श्री कुलदीप जुनेजा', 'गिरिराज  होटल के पीछे,\nजेल रोड़,\r\nरायपुर\r\nपिन- 492001', 'सी-2/12,देवेन्द्र नगर,\r\nरायपुर,\r\n(छ.ग.)', NULL, '9407733333/9302990078/9301925000', NULL, NULL, NULL, '50, रायपुर नगर, उत्तर\nजिला- रा', 9, 4, NULL, NULL, NULL, NULL),
(71, 'श्री बृजमोहन अग्रवाल', 'रामसागर पारा,रायपुर, \r\n(छ.ग.)', 'बी-5/1, शंकर नगर,\r\nरायपुर  (छ.ग.)\r\nपिन - 492001', NULL, '9827127200', NULL, '0771-2331070', NULL, '51. रायपुर नगर, दक्षिण जिला- र', 9, 4, NULL, NULL, NULL, NULL),
(72, 'डा. शिवकुमार डहरिया', 'जे-5 शताब्दी नगर, रवि ग्राम तेलीबांधा रायपुर', 'सी-2,सिविल लाईन, \r\nशंकर नगर,\r\nरायपुर  (छ.ग.)\r\nसी-1/9\r\nआनंद नगर,\r\nरायपुर', NULL, '94252-06389', NULL, NULL, NULL, '52. आरंग(अ.जा.)\r\nजिला- रायपुर', 11, 4, NULL, NULL, NULL, NULL),
(73, 'श्री धनेन्द्र साहू', 'ग्राम- तोरला, पो- भुरका\r\nतह. अभनपुर,\r\nजिला-रायपुर, \r\n(छ.ग.) ', 'संतोषी नगर(गुडलक प्लास्टिक फैक्टरी के पास),\r\nसन्तोषी नगर\r\nपो.- टिकरापारा,\r\nरायपुर,  (छ.ग.)\r\nपिन-492001', NULL, '9425203288', NULL, '0771-4004440/9425203288', NULL, '53. अभनपुर,जिला -रायपुर', 9, 4, NULL, NULL, NULL, NULL),
(74, 'श्री अमितेश शुक्ल', 'शंकर नगर,खमारडीह,\r\nरायपुर\r\n(छ.ग.) ', '', NULL, '9425203332/7770955955', NULL, NULL, NULL, '54. राजिम,जिला -गरियाबंद', 9, 4, NULL, NULL, NULL, NULL),
(75, 'श्री डमरूधर पुजारी', 'मुनगापदर, तहसील मैनपुर, जिलाः गरियाबंद \r\nपिन कोडः493891', 'गुडलक प्लास्टीक दुर्गा पारा,\r\nसंताषी नगर,\r\nरायपुर\r\n(छ.ग.)', NULL, '9009203333', NULL, NULL, NULL, '55. बिन्द्रानवागढ़(अ.ज.जा.)\r\nजि', 9, 4, NULL, NULL, NULL, NULL),
(76, 'डा. (श्रीमती) लक्ष्मी ध्रुव', 'ग्राम- आमगांव पो-घुरावड़\r\nतहसील - नगरी\r\nजिला -धमतरी', 'डी-1/4,आफिसर्स कालोनी,\r\nदेवेन्द्र नगर,\r\nरायपुर', NULL, '9977833920', NULL, NULL, NULL, '56. सिहावा (अ.ज.जा.)\r\nजिला-धमत', 9, 4, NULL, NULL, NULL, NULL),
(77, 'श्री अजय चंद्राकर', '108, मौलश्री विहार,पो- रविग्राम\r\nतहसील- रायपुर\r\nजिला-रायपुर\r\nपिन- 492006', 'ए-108, मौलश्री विहार,\r\nव्ही.आई.पी. रोड,\r\nरायपुर\r\n(छ.ग.)', NULL, '9893633000', NULL, NULL, NULL, '57. कुरूद जिला  धमतरी', 9, 4, NULL, NULL, NULL, NULL),
(78, 'श्रीमती रंजना डीपेन्द्र साहू', 'रायपुर रोड,वठेना चैक\r\nपो- धमतरी\r\nजिला- धमतरी\r\nपिन-493773', 'द्वारा- श्री विजय शंकर तिवारी (वकील)  गौरीकेशर कुंज,मकान नं-779,\r\nकुशालपुर चैक,\r\nसुन्दर नगर\r\nरायपुर, (छ.ग.)', NULL, '9179866671/7974805517', NULL, NULL, NULL, '58. धमतरी जिला - धमतरी', 9, 4, NULL, NULL, NULL, NULL),
(79, 'श्रीमती संगीता सिन्हा', 'ग्राम-गुरूर\nबाजार चैक\r\nपो-गुरूर\r\nजिला- बालोद\r\nपिन-491227', 'द्वारा श्री सुरेश धु्रव, मकान नम्बर-1184, वार्ड क्र.-51, दावड़ा कालोनी रवीन्द्रनाथ टैगोर वार्ड, रायपुर', NULL, '9479272072/9425241633/9827194633', NULL, NULL, NULL, '59. संजारी बालोद\nजिला  - बालोद', 9, 4, NULL, NULL, NULL, NULL),
(80, 'श्रीमती अनिला भेंड़िया', 'संजय नगर, डौंडी लोहारा,\r\nजिला: बालोद, \r\n(छ.ग.) ', 'सी-3,फारेस्ट कालोनी,\r\nराजातालाब,\r\nरायपुर, (छ.ग.)', NULL, '9425595345/9424117254', NULL, NULL, NULL, '60. डौंडी लोहारा (अ.ज.जा)\r\nजिल', 11, 4, NULL, NULL, NULL, NULL),
(81, 'श्री कुँवरसिंह निषाद', 'आंबेडकर वार्ड क्र-10 पो- अरजुन्दा\r\nतहसील- गुण्रदेही\r\nजिला- बालोद\r\nपिन-491225', 'ई-2/39, सेक्टर-17,नवा रायपुर\r\nअटल नगर', NULL, '9977861910/8966003046', NULL, NULL, NULL, '61-गुन्डरदेही,जिला - बालोद', 10, 4, NULL, NULL, NULL, NULL),
(82, 'श्री भूपेश बघेल', 'मानसरोवर आवासीय परिसर, भिलाई-3\r\nतहसील -पाटन, जिला-दुर्ग, \r\n(छ.ग.) ', 'मुख्यमंत्री निवास,सिविल लाईन,\r\nरायपुर,\r\n(छ.ग.)', NULL, '9425236333', NULL, NULL, NULL, '62-पाटन,जिला - दुर्ग', 14, 4, NULL, NULL, NULL, NULL),
(83, 'श्री ताम्रघ्वज साहू', 'ग्राम - मीनाक्षी नगर बोरसी रोड़\r\nजिला - दुर्ग', 'सी-3,सिविल लाईन,\r\nरायपुर', NULL, '9425202225', NULL, NULL, NULL, '63- दुर्ग ग्रामीण, जिला - दुर्', 11, 4, NULL, NULL, NULL, NULL),
(84, 'श्री अरूण वोरा', 'मकान नं. एम.एस. 38, पो.-पद्मनाभपुर,\r\nजिला- दुर्ग, \r\n(छ.ग.) ', 'C/O श्री गोविन्दलाल वोरा,गीता नगर, \r\nअनुपम उद्यान के पास\r\nचैबे कालोनी,\r\nरायपुर,  (छ.ग.) ', NULL, '9425565100', NULL, '0788-2325155', NULL, '64- दुर्ग शहर\nजिला - दुर्ग', 9, 4, NULL, NULL, NULL, NULL),
(85, 'श्री देवेन्द्र सिंह यादव', 'एम.आई.जी-175,176,वार्ड -15 हाऊसिंग बोर्ड कालोनी,\r\nभिलाई औद्योगिक क्षेत्र\r\nतहसील - दुर्ग\r\nजिला - दुर्ग ', 'सी-5,फारेस्ट कालोनी,\r\nरायपुर, (छ.ग.)', NULL, '8959111115', NULL, NULL, NULL, '65-भिलाई नगर,जिला - दुर्ग', 9, 4, NULL, NULL, NULL, NULL),
(86, 'श्री विद्यारतन भसीन', 'एम.आई.जी.-19,  वैशालीनगर,दुर्ग,जिला-दुर्ग , (छ.ग.) पिन-490023', '‘परिश्रम‘झूलेलाल चैक,\r\nशिव मंदिर के पास\r\nकेलकर बाड़ी,\r\nनहरपारा,\r\nरायपुर (छ.ग.)', NULL, '9826154999', NULL, '0788-4011999', NULL, '66. वैशाली नगर,जिला - दुर्ग', 9, 4, NULL, NULL, NULL, NULL),
(87, 'श्री गुरू रूद्र कुमार', '23/1786,पंडरी तराई,\r\nलोधी पारा चैक,\r\nजिला -रायपुर\r\n(छ.ग.) ', 'बी -5/5(धरोहर)जेल रोड,\r\nपुराना वन संरक्षक बंगला, \r\nवन कालोनी,\r\nरायपुर', NULL, '9826123254', NULL, NULL, NULL, '67-अहिवारा(अ.जा.)\r\nजिला - दुर्', 11, 4, NULL, NULL, NULL, NULL),
(88, 'श्री रविन्द्र चैबे', 'ग्राम -मौहाभाठा,पो- मोहगांव,\r\nतहसील-साजा\r\nजिला - बेमेतरा\r\n(छ.ग.) ', 'सी-4,शंकर नगर,\r\nसिविल  लाईन,\r\nरायपुर, (छ.ग.)', NULL, '9425234400', NULL, NULL, NULL, '68-साजा, जिला - दुर्ग', 11, 4, NULL, NULL, NULL, NULL),
(89, 'श्री आशीष कुमार छाबडा', 'वार्ड क्रमांक 08, रायपुर रोड, तहःबेमेतरा, जिलाःबेमेतेरा,पिन कोडः491335', 'फ्लेट नं. बी-1/102,बी.आई.पी. करिश्मा रेसीडेन्सी सोसाईटी,\r\nशंकर नगर, \r\nरायपुर', NULL, '7898975297', NULL, NULL, NULL, '69-बेमेतरा, जिला - बेमेतरा', 9, 4, NULL, NULL, NULL, NULL),
(90, 'श्री गुरूदयाल सिंह बंजारे', 'ग्राम -  नगर पंचायत वार्ड क्र-8, मुंगेली रोड़, पो-नवागढ़\r\nतहसील- नवागढ़\r\nजिला- बेमेतरा\r\nपिन- 491337', 'ई-1/34 सेक्टर-17, \r\nनवा रायपुर\r\nअटल नगर', NULL, '9329714008', NULL, NULL, NULL, '70-नवागढ़(अ.जा.)\r\nजिला - बेमेतर', 10, 4, NULL, NULL, NULL, NULL),
(91, 'श्रीमती ममता चन्द्राकर', 'ग्राम - कठौतिया पो - छिरहा\r\nतहसील- नवागढ़\r\nजिला- बेमेतरा\r\nपिन-491337\r\nवार्ड न. -16\r\nनंदी विहार कालोनी, कबर्धा\r\nजिला - कबीरधाम', 'मकान क्र- बी-7 गायत्री नगर\r\nपो- शंकर नगर,\r\nरायपुर,  (छ.ग.)', NULL, '9893637637', NULL, NULL, NULL, '71-पंडरिया,जिला - कबीरधाम', NULL, 4, NULL, NULL, NULL, NULL),
(92, 'मोहम्मद अकबर ', 'के.के. रोड़,मोदहा पारा\r\nरायपुर\r\nजिला-रायपुर', 'बी-5/10,शंकर नगर,\r\nरायपुर,  (छ.ग.)', NULL, '9425205786', NULL, NULL, NULL, '72-कवर्धा,जिला - कबीरधाम', 11, 4, NULL, NULL, NULL, NULL),
(93, 'श्री देवव्रत सिंह', 'मकान नं- 1,कमल विलास महल,\r\nपो-खैरागढ़\r\nजिला - राजनांदगाँव', '134 विला,मारूती लाईफ स्टाईल,\r\nमहोबा बाजार,\r\nकोटा रोड,\r\nरायपुर.', NULL, '9406222222', NULL, NULL, NULL, '73- खैरागढ़,जिला - राजनांदगाँव', 9, 4, NULL, NULL, NULL, NULL),
(94, 'श्री भुनेश्वर शोभाराम बघेल', 'ग्राम-धुमका (महेश मेडिकल),बस स्टैण्ड, धुमका\r\nपो- धुमका\r\nतहसील-  राजनांदगाँव\r\nजिला - राजनांदगाँव\r\nपिन-494441', 'द्वारा श्री एस.के. भारती,एल.आई.जी.-78\r\nफैस -2,\r\nकबीर नबर,\r\nरायपुर,\r\n(छ.ग.)', NULL, '9406242724', NULL, NULL, NULL, '74-डोंगरगढ़(अजा)\r\nजिला - राजनां', 9, 4, NULL, NULL, NULL, NULL),
(95, 'डा. रमन सिंह', 'रमन मेडिकल स्टोर्स,मेन रोड, \r\nकवर्धा,\r\nजिलाः कबीरधाम, \r\n(छ.ग.) ', 'मौल श्री विहार,खनिज नगर,\r\nरायपुर,\r\n(छ.ग.) ', NULL, '9425204801/9425222100', NULL, NULL, NULL, '75- राजनांदगाँव,जिला - राजनांद', 9, 4, NULL, NULL, NULL, NULL),
(96, 'श्री दलेश्वर साहू', 'द्वारा-देवेन्द्र साहू, डोंगरगांव, वार्ड न.-7 कालेज रोड, सेवता टोला,\r\nडोंगरगांव\r\nजिला राजनांदगाँव(छ.ग.) ', 'एच.आई.जी. 31 हाउसिंग बोर्ड कालोनी,\r\nसड्डू,\r\nरायपुर,  (छ.ग.)', NULL, '9893860283', NULL, NULL, NULL, '76-डोंगरगांव, जिला - राजनांदगा', 9, 4, NULL, NULL, NULL, NULL),
(97, 'श्रीमती छन्नी चंदू साहू', 'ग्राम- वार्ड नं-8 पैरीटोला\r\nपो- चारभाठा\r\nतहसील-घुरिया\r\nजिला- राजनांदगाँव\r\nपिन-491557', 'एच.आई.जी. 31 हाउसिंग बोर्ड कालोनी,\r\nसड्डू,\r\nरायपुर,  (छ.ग.)\r\n\r\nद्वारा श्री धनश्याम जांगड़े,\r\nवार्ड नं-27,\r\nगुरू घासीदास गुरूद्वारा के सामने,\r\nआदर्श नगर,\r\nमोवा,\r\nरायपुर, (छ.ग.)\r\n', NULL, '9340689564/9752649456', NULL, NULL, NULL, '77-खुज्जी,जिला - राजनांदगाँव', 9, 4, NULL, NULL, NULL, NULL),
(98, 'श्री इन्द्रशाह मंडावी', 'ग्राम-भोजटोला रोड,पो- मोहला\r\nतहसील - मोहला\r\nजिला- राजनांदगाँव', 'ई-1/35,सेक्टर-17,\r\nनवा रायपुर\r\nअटल नगर', NULL, '9425229071', NULL, NULL, NULL, '78-मोहला-मानपुर\n(अ.ज.जा.)\r\nजिल', 10, 4, NULL, NULL, NULL, NULL),
(99, 'श्री अनूप नाग', 'ग्राम - वार्ड क्र्र 08, अन्तागढ़,तहसील पारा\r\nपो- अन्तागढ़\r\nतहसील-अन्तागढ़\r\nजिला - कांकेर\r\nपिन-494665', 'मकान नं- 48/155,द्वारा- श्री सचिन शर्मा,\r\nलिली चैक,\r\nपुरानी बस्ती,\r\nखजांची निवास,\r\nयुनियन बैंके सामने,\r\nरायपुर', NULL, '9425215176', NULL, NULL, NULL, '79- अंतागढ़ (अ.ज.जा.)\r\nजिला -  ', 9, 4, NULL, NULL, NULL, NULL),
(100, 'श्री मनोज सिंह मण्डावी', 'ग्राम - तेलगरा,      पोस्ट - लखनपुरी,तहः चारामा,\r\nजिलाः कांकेर, \r\n(छ.ग.) \r\nपिन- 494336', 'बी-9,सिविल लाईन,\r\nशंकर नगर,\r\nरायपुर', NULL, '9424288889/9406166669', NULL, NULL, NULL, '80-भानुप्रतापपुर (अ.ज.जा.)\r\nजि', 9, 4, NULL, NULL, NULL, NULL),
(101, 'श्री शिशुपाल सोरी', 'ग्राम -डुमाली,पो-डुमाली\r\nतहसील - कांकेर\r\nजिला- कांकेर\r\nई-6/10,\r\nसिविल लाईन,\r\nकांकेर', 'ई-2/43,सेक्टर-17,\r\nनवा रायपुर\r\nअटल नगर', NULL, '7000159724/9425515822/8889907266', NULL, NULL, NULL, '81-काँकेर\n(अ.ज.जा.)\r\nजिला -  क', 10, 4, NULL, NULL, NULL, NULL),
(102, 'श्री संत राम नेताम', 'ग्राम -पलना,पो-मारेगपुरी\r\nतहसील- विश्रामपुरी\r\nजिला-कोण्डागांव', 'मकान न. 488,मातृछाया के सामने,\r\nप्रियदर्शनी नगर,\r\nरायपुर,\r\n(छ.ग.)', NULL, '9425511350/8103485026', NULL, NULL, NULL, '82-केशकाल(अ.ज.जा.)\r\nजिला - कों', 9, 4, NULL, NULL, NULL, NULL),
(103, 'श्री मोहन मरकाम', 'भैलवापदरपारा,     तह. कोण्डागांव,जिला-कोण्डागांव\r\n(छ.ग.) \r\nपिन- 494226', 'बी-5/12(21/376)\r\nपुराना सिविल सर्जन बंगला, \r\nरेस्ट हाऊस के पास, \r\nसिविल लाईन,\r\nरायपुर', NULL, '9425258240', NULL, '07786-243313', NULL, '83-कोण्डागांव (अ.ज.जा.)\r\nजिला ', 9, 4, NULL, NULL, NULL, NULL),
(104, 'श्री चंदन कश्यप', 'पो- भानपुरी,तहसील- बस्तर\r\nजिला - बस्तर\r\nपिन- 494224', 'मकान .क्र- 12,रोजवुड, सदार्णी दरबार के सामने,\r\nहाउसिंग बोर्ड काॅलोनी,\r\nबोरियाकला,\r\nरायपुर, (छ.ग.)\r\n492015', NULL, '9424291978', NULL, NULL, NULL, '84- नारायणपुर\n(अ.ज.जा.)\r\nजिला ', 9, 4, NULL, NULL, NULL, NULL),
(105, 'श्री बघेल लखेश्वर', 'नयापारा (नवभारत प्रेस के सामने), जगदलपुर,\r\nजिला-बस्तर, \r\n(छ.ग.) \r\nपिन- 494001', 'सी-1,शांति नगर\r\nरायपुर (छ.ग.) ', NULL, '9406070700', NULL, '07782-221244', NULL, '85-बस्तर(अ.ज.जा.)\r\nजिला -  बस्', NULL, 4, NULL, NULL, NULL, NULL),
(106, 'श्री रेखचन्द जैन', 'इंदिरा वार्ड क्र-16 मुख्य डाकघर के सामने ,\r\nपो- जगदलपुर\r\nतह- जगदलपुर\r\nजिला -  बस्तर ', 'ई-2/41,सेक्टर-17,\r\nनवा रायपुर\r\nअटल नगर', NULL, '7000484152/9425258577', NULL, NULL, NULL, '86-जगदलपुर,जिला -  बस्तर ', 10, 4, NULL, NULL, NULL, NULL),
(107, 'श्री राजमन वेंजाम', 'ग्राम - बस्तानार,\nडाक- बस्तानार,\r\nतह - बस्तानार,\r\nजिला - बस्तर,\r\nपिन कोड- 494442', 'बी-ब्लाक - 203 सांई श्रद्धा अपार्टमेन्ट,महावीर नगर,  रिंग रोड,\r\nउद्योग भवन के पीछे,\r\nपुशोर चैक\r\nरायपुर', NULL, '9669056551', NULL, NULL, NULL, '87-चित्रकोट(अ.ज.जा.)\r\nजिला -  ', NULL, 4, NULL, NULL, NULL, NULL),
(108, 'श्रीमती देवती कर्मा', 'ग्राम/पो. - फरसपाल, ‘‘सरपंचपारा‘‘\r\nतहसील - दंतेवाड़ा,\r\nजिला- दक्षिण बस्तर   दंतेवाड़ा,\r\n(छ.ग.) \r\nपिन कोड- 494449', '‘‘ कर्मा निवास‘‘ ई - 3, \r\nसिविल लाईन, पंचशील नगर, तहसील व जिला-रायपुर\r\nपिनकोड- 492001', NULL, '9425236666', NULL, '9425236666', NULL, '88-दंतेवाड़ा(अ.ज.जा.)\r\nजिल- दंत', NULL, 4, NULL, NULL, NULL, NULL),
(109, 'श्री विक्रम मण्डावी', 'ग्रामः बाजार पारा पो- भैरमगढ़\r\nतहसील- भैरमगढ़\r\nजिला- बीजापुर\r\nपिन-494450\r\n\r\nपत्राचार हेतु पता\r\nकार्यालय एवं  विधायक आवास\r\nबीजापुर,\r\nनगर ़ पोस्ट- बीजापुर\r\nजिला - बीजापुर\r\n(छ.ग.)', 'एफ-11,न्यू पंचशील नगर,\r\nरायपुर', NULL, '9424111105/626093705', NULL, NULL, NULL, '89-बीजापुर(अ.ज.जा.)\r\nजिला - बी', NULL, 4, NULL, NULL, NULL, NULL),
(110, 'श्री कवासी लखमा', 'ग्रामः नागारास, पोस्ट सोनाकुकानार,\r\nतहः कोन्टा,\r\nजिलाः सुकमा, \r\n(छ.ग.) ', 'सी-5,सिविल लाईन,\r\nशंकर नगर,\r\nरायपुर, (छ.ग.)', NULL, '94252-60144', NULL, '0786-4200020', NULL, '90-कोन्टा(अ.ज.जा.)\r\nजिला - सुक', 11, 4, NULL, NULL, NULL, NULL),
(111, 'माननीय श्री न्यायमूर्ति प्रशांत कुमार मिश्रा,', NULL, '‘‘विद्या निकेतन’’ हंसा विहार कालोनी, श्रीकांत वर्मा मार्ग, बिलासपुर', NULL, '236241 ,410003', NULL, '241047', NULL, NULL, 15, 5, NULL, NULL, NULL, NULL),
(112, 'माननीय श्री न्यायमूर्ति मनीन्द्र मोहन श्रीवास्तव,', NULL, 'बंगला नं. ए/2, नेहरू चैक, बिलासपुर', NULL, ' 220902 ,402525', NULL, '241012', NULL, NULL, 15, 5, NULL, NULL, NULL, NULL),
(113, 'माननीय श्री न्यायमूर्ति गौतम भादुड़ी,', NULL, '3, रोहिणी विहार, ग्रीन पार्क काॅलोनी, बिलासपुर', NULL, '247681 ,400157', NULL, '241010', NULL, NULL, 15, 5, NULL, NULL, NULL, NULL),
(114, 'माननीय श्री न्यायमूर्ति संजय के0 अग्रवाल', NULL, 'ए-3, राजेन्द्र नगर चैक, विधिक सेवा मार्ग, बिलासपुर', NULL, '251115 ,491832', NULL, '241002', NULL, NULL, 15, 5, NULL, NULL, NULL, NULL),
(115, 'माननीय श्री न्यायमूर्ति पी0 सैम कोशी', NULL, 'लूथरा कम्पाउण्ड, लूथरा हास्पिटल के पास, नेहरू नगर,', NULL, '270065 ,412044', NULL, '241007', NULL, NULL, 15, 5, NULL, NULL, NULL, NULL),
(116, 'माननीय श्री न्यायमूर्ति संजय अग्रवाल', NULL, 'बालाराम अग्रवाल मार्ग जूनी लाइन, बिलासपुर', NULL, '222322 ,414376', NULL, '241003', NULL, NULL, 15, 5, NULL, NULL, NULL, NULL),
(117, 'माननीय श्री न्यायमूर्ति,आर0सी0एस0 सामंत,', NULL, 'ए 2/2, न्यायाधिपति निवास, उच्च न्यायालय आवासीय परिसर, चकरभाटा, बिलासपुर', NULL, '275017', NULL, '241009', NULL, NULL, 15, 5, NULL, NULL, NULL, NULL),
(118, 'माननीय श्री न्यायमूर्ति शरद कुमार गुप्ता,', NULL, '1, रोहिणी विहार, बिलासपुर', NULL, '414068', NULL, '241030', NULL, NULL, 15, 5, NULL, NULL, NULL, NULL),
(119, 'माननीय श्री न्यायमूर्ति, अरविन्द सिंह चंदेल, ', NULL, 'बी0-1/बी0-2, फेस-1 रामा वल्र्ड तिफरा, बिलासपुर', NULL, '291751', NULL, '241005', NULL, NULL, 15, 5, NULL, NULL, NULL, NULL),
(120, 'माननीय श्री न्यायमूर्ति पार्थ प्रतीम साहू', NULL, 'ए-1,विधिक सेवा मार्ग, बिलासपुर', NULL, '250255', NULL, '241006', NULL, NULL, 15, 5, NULL, NULL, NULL, NULL),
(121, 'माननीय श्री न्यायमूर्ति गौतम चैरड़िया', NULL, 'ए-2/6, न्यायाधिपति निवास उच्च न्यायालय आवासीय परिसर चकरभाटा, बिलासपुर', NULL, '275169', NULL, '241013', NULL, NULL, 15, 5, NULL, NULL, NULL, NULL),
(122, 'माननीया  न्यायमूर्ति श्रीमती विमला सिंह कपूर', NULL, 'ए-2/7, न्यायाधिपति निवास उच्च न्यायालय आवासीय परिसर चकरभाटा, बिलासपुर', NULL, '275168', NULL, '241014', NULL, NULL, 15, 5, NULL, NULL, NULL, NULL),
(123, 'माननीया  न्यायमूर्ति श्रीमती रजनी दुबे', NULL, 'बी-46, सिविल लाइन्स,बिलासपुर', NULL, '222210', NULL, '241015', NULL, NULL, 15, 5, NULL, NULL, NULL, NULL),
(124, 'माननीय श्री न्यायमूर्ति पी0आर0 रामचन्द्र मेनन,', NULL, 'बंगला नं. ए-1, मुख्य न्यायाधिपति निवास, उच्च न्यायालय आवासीय परिसर, चकरभाटा, बिलासपुर', NULL, '275275', NULL, '241001', NULL, NULL, 16, 5, NULL, NULL, NULL, NULL),
(125, 'माननीय श्रीमान जस्टिस मनिनन्द्र मोहन श्रीवास्तव', NULL, NULL, NULL, '220902 ,402525', NULL, '241012', NULL, NULL, 17, 6, NULL, NULL, NULL, NULL),
(126, 'श्री के.एल.चरयानी', NULL, NULL, NULL, '275281', NULL, '24130794252-25320', NULL, NULL, 18, 6, NULL, NULL, NULL, NULL),
(127, 'श्री नीरज शर्मा', NULL, NULL, NULL, '275038', NULL, '241308 ,94255-32329', NULL, NULL, 19, 6, NULL, NULL, NULL, NULL),
(128, 'श्री अजय सिंह राजपूत,', NULL, NULL, NULL, '275022', NULL, '241304 ,94252-25321', NULL, NULL, 19, 6, NULL, NULL, NULL, NULL),
(129, 'श्री मनिष हान्डे', NULL, NULL, NULL, '270480', NULL, '241331 ,87701-57827', NULL, NULL, 20, 6, NULL, NULL, NULL, NULL),
(130, 'श्री सतीश चन्द्र वर्मा', 'श्रीराम पार्क कालोनी, महाराणा प्रताप नगर, इण्डस्ट्रीयल एरिया, तिफरा, बिलासपुर (छ0ग0)', NULL, NULL, '9827115912', NULL, '241303', NULL, NULL, 21, 7, NULL, NULL, NULL, NULL),
(131, 'श्री आलोक बक्शी', 'अपेक्स बैंक के पीछे, आई.जी. आॅफिस रोड, नेहरू चैक, बिलासपुर  (छ0ग0)', NULL, NULL, '9425223997', NULL, '241358', NULL, NULL, 22, 7, NULL, NULL, NULL, NULL),
(132, 'श्रीमती फौजिया मिर्जा', 'एफ/7, मिनोचा कालोनी, बिलासपुर (छ0ग0)', NULL, NULL, '9893918000', NULL, '241342', NULL, NULL, 22, 7, NULL, NULL, NULL, NULL),
(133, 'श्री विवेक रंजन तिवारी', 'पं. रामगोपाल तिवारी निवास, करबला रोड, जूना बिलासपुर, बिलासपुर (छ0ग0)', NULL, NULL, '9827117492', NULL, '241344', NULL, NULL, 22, 7, NULL, NULL, NULL, NULL),
(134, 'श्री अमृतो दास', 'आर-7/78, रामा वैली, रायपुर रोड, बोदरी, बिलासपुर (छ0ग0)', NULL, NULL, '9827302894', NULL, '241342', NULL, NULL, 22, 7, NULL, NULL, NULL, NULL),
(135, 'श्री सुनील औटवानी', 'अयप्पा मंदीर के पास, भारतीय नगर, बिलासपुर (छ0ग0)', NULL, NULL, '9827184365', NULL, '241343', NULL, NULL, 22, 7, NULL, NULL, NULL, NULL),
(136, 'श्रीमती हमीदा सिदद्की', '44, शांति नगर, रिंग रेाड नं. 2, बिलासपुर (छ0ग0)', NULL, NULL, '9826120216', NULL, '241348', NULL, NULL, 23, 7, NULL, NULL, NULL, NULL),
(137, 'श्री जितेन्द्र पाली', 'मीरा विहार कालोनी, लिंक रोड, बिलासपुर (छ0ग0)', NULL, NULL, '9907901614', NULL, '241345', NULL, NULL, 23, 7, NULL, NULL, NULL, NULL),
(138, 'श्री हरप्रीत सिंह अहलुवालिया', ' एचआईजी-2,  अभिलाषा परिसर, नया बस स्टेण्ड के पीछे, तिफरा, बिलासपुर (छ0ग', NULL, NULL, '9300855360', NULL, '341338', NULL, NULL, 23, 7, NULL, NULL, NULL, NULL),
(139, 'श्री चन्द्रेश श्रीवास्तव', 'मृदु विला, विधिक सेवा मार्ग, ओल्ड वेयर हाउस रोड, उदय चिलड्रन हास्पीटल के पास, बिलासपुर (छ0ग0)', NULL, NULL, '9425231201', NULL, '241349', NULL, NULL, 23, 7, NULL, NULL, NULL, NULL),
(140, 'श्री देवेन्द्र प्रताप सिंह ', 'फ्लेट नं. 405, बाजपेई टावर, ईदगाह रोड, बिलासपुर (छ0ग0)', NULL, NULL, '9893211818', NULL, '241343', NULL, NULL, 23, 7, NULL, NULL, NULL, NULL),
(141, 'श्री मतीन सिदद्की', 'कलेक्टर निवास के पास, लिंक रोड, सिविल लाईन, राजेन्द्र नगर, बिलासपुर (छ0ग0)', NULL, NULL, '9827166220', NULL, '241372', NULL, NULL, 23, 7, NULL, NULL, NULL, NULL),
(142, 'श्री सुदीप अग्रवाल', 'स्टेट बैंक कालोनी, क्रान्ति नगर, फेस-2, बिलासपुर (छ0ग0)', NULL, NULL, '9826723750', NULL, '241350', NULL, NULL, 23, 7, NULL, NULL, NULL, NULL),
(143, 'श्री अनिमेश तिवारी', 'ए-9, रामा वैली, बोदरी, बिलासपुर (छ0ग0)', NULL, NULL, '9993390002', NULL, '296155', NULL, NULL, 23, 7, NULL, NULL, NULL, NULL),
(144, 'डा. वीणा नायर', 'लुथरा हास्पीटल के सामने, नेहरू नगर, बिलासपुर (छ0ग0)', NULL, NULL, '9713112355', NULL, '296153', NULL, NULL, 23, 7, NULL, NULL, NULL, NULL),
(145, 'श्री आलोक निगम', '203-सी, फेस-1, सुमंगल अपार्टमेन्ट, लिंक रोड, बिलासपुर (छ0ग0)', NULL, NULL, '9406135753', NULL, '', NULL, NULL, 24, 7, NULL, NULL, NULL, NULL),
(146, 'श्री पीयूष भाटिया', 'सी-101/फेस ब्लाक/व्हीआईपी, करिश्मा, शंकर नगर, रायपुर (छ0ग0)', NULL, NULL, '9811323884', NULL, '', NULL, NULL, 24, 7, NULL, NULL, NULL, NULL),
(147, 'श्रीमती सुनीता जैन', '75, गीतांजली विहार काॅलोनी, नेहरू नगर, बिलासपुर (छ0ग0)', NULL, NULL, '9827188470', NULL, '', NULL, NULL, 24, 7, NULL, NULL, NULL, NULL),
(148, 'श्री आदिल मिन्हाज', 'जी-1, अल्का एवेन्यू, उसलापुर रेल्वे स्टेशन के पास, बिलासपुर (छ0ग0)', NULL, NULL, '9425247299', NULL, '', NULL, NULL, 24, 7, NULL, NULL, NULL, NULL),
(149, 'श्री राहुल झा', 'आई-2, कालिंदी कुंज काॅलोनी, रिंग रोड नं. 2,  बिलासपुर (छ0ग0)', NULL, NULL, '8319534369', NULL, '', NULL, NULL, 24, 7, NULL, NULL, NULL, NULL),
(150, 'श्री विमलेश बाजपेयी', 'बाजपेई बंगला, तिलक नगर, बिलासपुर (छ0ग0)', NULL, NULL, '9827155528', NULL, '', NULL, NULL, 24, 7, NULL, NULL, NULL, NULL),
(151, 'श्री राघवेन्द्र वर्मा', 'बाबजी पार्क, डूपलेक्स बी-17 रिंग रोड नं. 2,  बिलासपुर (छ0ग0)', NULL, NULL, '9826756914', NULL, '', NULL, NULL, 24, 7, NULL, NULL, NULL, NULL),
(152, 'श्री देवेश वर्मा', 'आर.के. रेसिडेन्सी, यदुनन्दन नगर, बिलासपुर (छ0ग0)', NULL, NULL, '9827954016', NULL, '', NULL, NULL, 24, 7, NULL, NULL, NULL, NULL),
(153, 'श्री रवीश वर्मा', '19, धर्म प्रकाश लेन, मुंगेली नाका, बिलासपुर (छ0ग0)', NULL, NULL, '9826134624', NULL, '', NULL, NULL, 24, 7, NULL, NULL, NULL, NULL),
(154, 'श्री के.के. सिंह', 'वार्ड नं. 5, नगर पंचायत बोदरी, अचानकपुर, बिलासपुर (छ0ग0)', NULL, NULL, '9039684452', NULL, '', NULL, NULL, 24, 7, NULL, NULL, NULL, NULL),
(155, 'श्री घनश्याम पटेल', ' हाउस नं. 6, महावीर नगर, बचपन स्कूल के पासे, मंगला चैक, बिलासपुर (छ0ग0)', NULL, NULL, '9827460053', NULL, '', NULL, NULL, 24, 7, NULL, NULL, NULL, NULL),
(156, 'श्री अयाज नवेद', 'एल-2/45, आर्शीवाद वैली, रायपुर रोड, बिलासपुर (छ0ग0)', NULL, NULL, '9893236893', NULL, '', NULL, NULL, 24, 7, NULL, NULL, NULL, NULL),
(157, 'श्री आशीष तिवारी', 'एल-2/60, आर्शीवाद वैली, बोदरी, बिलासपुर (छ0ग0)', NULL, NULL, '8130418160', NULL, '', NULL, NULL, 24, 7, NULL, NULL, NULL, NULL),
(158, 'श्री उधव कुमार शर्मा', '1-सी, वैशाली नगर, बिलासपुर (छ0ग0)', NULL, NULL, '9406127555', NULL, '', NULL, NULL, 24, 7, NULL, NULL, NULL, NULL),
(159, 'श्री समीर उरांव', 'बी-7, चीनार, ग्रीन गार्डन, मुंगेली रोड, बिलासपुर (छ0ग0)', NULL, NULL, '9713788844', NULL, '', NULL, NULL, 24, 7, NULL, NULL, NULL, NULL),
(160, 'श्री गुरूदेव आई. शरण', 'आर.के. रेसिडेन्सी, यदुनन्दन नगर, बिलासपुर (छ0ग0)', NULL, NULL, '9977312602', NULL, '', NULL, NULL, 24, 7, NULL, NULL, NULL, NULL),
(161, 'श्री समीर शर्मा', 'बंगला नं. बी/51, सिविल लाईन, राजेन्द्र नगर, कलेक्टरेट परिसर के सामने, बिलासपुर (छ0ग0)', NULL, NULL, '9827460286', NULL, '', NULL, NULL, 25, 7, NULL, NULL, NULL, NULL),
(162, 'श्री गगन तिवारी', 'सी-502, अहसास अपार्टमेन्ट, अभिलाषा परिसर, तिफरा, बिलासपुर (छ0ग0)', NULL, NULL, '7566992239', NULL, '', NULL, NULL, 25, 7, NULL, NULL, NULL, NULL),
(163, 'श्री विक्र्रम शर्मा', 'सी-27, मिनोचा कालोनी, बिलासपुर (छ0ग0)', NULL, NULL, '8959002000', NULL, '', NULL, NULL, 25, 7, NULL, NULL, NULL, NULL),
(164, 'सुश्री आकांक्षा जैन', 'आर-8-44, रामा वैली, बोदरी, बिलासपुर (छ0ग0)', NULL, NULL, '7987837598', NULL, '', NULL, NULL, 25, 7, NULL, NULL, NULL, NULL),
(165, 'श्री आनंद वर्मा', 'रघुराज स्टेडियम के पीछे, ईमलीपारा, बिलासपुर (छ0ग0)', NULL, NULL, '9826938298', NULL, '', NULL, NULL, 25, 7, NULL, NULL, NULL, NULL),
(166, 'श्री दिनेश आर.के. तिवारी', 'अयोध्या नगर, अमेरी चैक, पल्लव भवन के पास, बिलासपुर (छ0ग0)', NULL, NULL, '9993657520', NULL, '', NULL, NULL, 25, 7, NULL, NULL, NULL, NULL),
(167, 'श्री सुदीप वर्मा', 'हाउस नं. 3 एवं 4, महामाया पार्क, मंगला, बिलासपुर (छ0ग0)', NULL, NULL, '9691292988', NULL, '', NULL, NULL, 25, 7, NULL, NULL, NULL, NULL),
(168, 'श्री सिद्धार्थ दुबे', 'ई-4, अल्का एवेन्यु, उसलापुर रेलवे स्टेशन के पास, बिलासपुर', NULL, NULL, '9993161949', NULL, '', NULL, NULL, 25, 7, NULL, NULL, NULL, NULL),
(169, 'श्री रवि भगत', 'एम.आई.जी.-सी/6, नेहरू नगर, बिलासपुर ', NULL, NULL, '8959888132', NULL, '', NULL, NULL, 25, 7, NULL, NULL, NULL, NULL),
(170, 'श्रीमती ऋचा शुक्ला', 'आर-4/130, आर्शीवाद वैली, बोदरी, बिलासपुर (छ0ग0)', NULL, NULL, '9993359680', NULL, '', NULL, NULL, 25, 7, NULL, NULL, NULL, NULL),
(171, 'श्री राकेश साहू', 'बंगाली पारा, गली नं. 3, सरकण्डा, बिलासपुर (छ0ग0)', NULL, NULL, '8319740361', NULL, '', NULL, NULL, 25, 7, NULL, NULL, NULL, NULL),
(172, 'श्री ललीत जांगडे', 'द्वारा रामशरन सिंह, विकास नगर, 27 खोली, बिलासपुर (छ0ग0)', NULL, NULL, '9893981390', NULL, '', NULL, NULL, 25, 7, NULL, NULL, NULL, NULL),
(173, 'श्री बलदाउ प्रसाद बंजारे', 'द्वारा डा. आर.एस. धृतलहरे, अमेरी, वार्ड न. 4, गोकुल नगर, बिलासपुर (छ0ग0)', NULL, NULL, '9753307640', NULL, '', NULL, NULL, 25, 7, NULL, NULL, NULL, NULL),
(174, 'प्रियमवदा सिंह', 'गांधी नगर, द्वारा सुषमा सिंह, गजानन्द स्मृति नर्सिंग होम लाईन, त्रिवेणी छाया, नेहरू नगर, बिलासपुर (छ0ग0)', NULL, NULL, '9827971229', NULL, '', NULL, NULL, 25, 7, NULL, NULL, NULL, NULL),
(175, 'माननीय न्यायमूर्ति श्री अनुराग श्रीवास्तव', ' शासकीय आवास   क्रमांक सी-1/2, देवेन्द्र नगर, आफीसर्स कालोनी, रायपुर (छ.ग.) पिनकोड-492001', NULL, NULL, '94250-15986', NULL, ' 0771-4009248', NULL, NULL, 28, 8, NULL, NULL, NULL, NULL),
(176, '', '', NULL, NULL, '0771-2432735', NULL, '0771-2220023', NULL, NULL, 27, 8, NULL, NULL, NULL, NULL),
(177, 'श्री अनिष दुबे', 'शासकीय आवासक्रमांक ई-2, देवेंद्र नगर, आफीसर्स कालोनी, रायपुर (छ.ग.) पिनकोड-492001', NULL, NULL, '94252-95551', NULL, '0771-2223411', 'anish.judge08@gmail.com', NULL, 26, 8, NULL, NULL, NULL, NULL),
(178, 'माननीय श्रीन्यायमूर्ति पी.आर. रामचन्द्र मेनन', 'बंगलानं. ए-1, मुख्य न्यायाधिपति निवास, उच्चन्यायालय आवासीय परिसर, चकरभाठा, बिलासपुर', NULL, NULL, '275275', NULL, '241001', NULL, NULL, 29, 9, NULL, NULL, NULL, NULL),
(179, 'माननीय श्री न्यायमूर्ति प्रशांत कुमार मिश्रा', '‘‘विद्या निकेतन’’ हंसा विहार काॅलोनी, श्रीकांत वर्मा मार्ग, बिलासपुर', NULL, NULL, '236241 ,410003', NULL, '241047 ,291520', NULL, NULL, 30, 9, NULL, NULL, NULL, NULL),
(180, 'श्री सिद्धार्थ अग्रवाल', 'बंगला नं0-ई-1, जजेस काॅलोनी, नूतन चैंक, सरकंडा, बिलासपुर', '', NULL, '254811 ,96500-46617', NULL, '222405', NULL, NULL, 31, 9, NULL, NULL, NULL, NULL),
(181, 'श्रीमती श्वेता श्रीवास्तव', 'बंगला नं0 ई-4,विधिक सेवा मार्ग, बिलासपुर', '', NULL, '94242-36877', NULL, '222406', NULL, NULL, 32, 9, NULL, NULL, NULL, NULL),
(182, 'श्री शशांक शेखर दुबे', 'मुंगेली रोड, बिलासपुर', '', NULL, '91315-25540 ,90392-15294', NULL, '410210', NULL, NULL, 33, 9, NULL, NULL, NULL, NULL),
(183, 'श्री व्ही.बी. मिश्रा', 'जोरापारा, गली नं. 4, सीपत रोड, बिलासपुर', '', NULL, '94255-72170', NULL, '220170', NULL, NULL, 34, 9, NULL, NULL, NULL, NULL),
(184, 'श्रीमती मंदा अनिल शेवालकर', 'रायपुर नाका के पास, देवीनगर, गली नं. 2, ‘‘हरिकृपा’’ बिलासपुर', '', NULL, '94241-46934', NULL, '', NULL, NULL, 35, 9, NULL, NULL, NULL, NULL),
(185, 'प्रो. (डा.) वी.सी. विवेकानन्दन', 'कुलपति निवास,\r\nहिदायतुल्लाह राष्ट्रीय विधि विश्वविद्यालय परिसर,\r\nनवा रायपुर (छ.ग.) 492002', NULL, NULL, '9391126847', NULL, '0771-3057601(D) ,3057603(D)', '', NULL, 35, 10, NULL, NULL, NULL, NULL),
(186, 'डा. दीपक कुमार श्रीवास्तव', 'प्रथम तल, सी-ब्लाक, एफ-2,\r\nहिदायतुल्लाह राष्ट्रीय विधि विश्वविद्यालय परिसर,\r\nनवा रायपुर (छ.ग.) 492002', NULL, NULL, '8223866066', NULL, '0771-3057604', 'registrar@hnlu.ac.in', NULL, 36, 10, NULL, NULL, NULL, NULL),
(187, 'श्री नरेन्द्र सिंह चावला', 'एच नं. 14/32 बंगला, भिलाई, जिला - दुर्ग, छ0ग0', NULL, NULL, '0771-2436400 ,88393-96450 ,94255-43180		\r\n', NULL, '0771-2236619', NULL, NULL, 37, 11, NULL, NULL, NULL, NULL),
(188, 'माननीय न्यायमूर्ति  श्री टी.पी.शर्मा', '“नील बसंत“ प्लाट नं. 20 केनाल रोड़ न्यू रविनगर, रायपुर', NULL, NULL, '0771-2960077', NULL, '0771-2221826', NULL, NULL, 38, 12, NULL, NULL, NULL, NULL),
(189, 'श्री ईमिल लकड़ा ', 'आफिसर्स कालोनी, डी-2/19 सेक्टर-17 नवा रायपुर', NULL, NULL, '94255-85298', NULL, '0771-2221856', NULL, NULL, 39, 12, NULL, NULL, NULL, NULL),
(190, 'श्री मो. रिजवान खान', 'ई-2 महिला पालीटेक्नीक परिसर, बैरनबाजार, रायपुर', NULL, NULL, '0771-2437994', NULL, '0771-2221533', NULL, NULL, 40, 12, NULL, NULL, NULL, NULL),
(191, 'श्री यशवन्त कुमार सारथी', 'ई-1/6 आफिसर्स कालोनी, देवेन्द्र नगर, रायपुर', NULL, NULL, '0771-2881899', NULL, '0771-2221857', NULL, NULL, 41, 12, NULL, NULL, NULL, NULL),
(192, 'श्री आर.पुराम', 'डी-1 पंचशील नगर, रायपुर', NULL, NULL, '0771-2423980', NULL, '0771-2445693', NULL, NULL, 42, 12, NULL, NULL, NULL, NULL),
(193, 'श्रीमती श्रद्धा त्रिवेदी ', '102 डी-1 पार्क रेसीडेन्सी, तेलीबांधा, रायपुर', NULL, NULL, '97520-51275', NULL, '0771-2221866', NULL, NULL, 43, 12, NULL, NULL, NULL, NULL),
(194, 'डाॅ.आलोक शुक्ला ', 'सी-1/4, आफिसर्स कालोनी,देवेंद्र नगर रायपुर', NULL, NULL, '7000727568', '2445321', NULL, NULL, NULL, 44, 13, NULL, NULL, NULL, NULL),
(195, 'प्रोफेसर वी.के.गायल', 'एम-1, ग्रीनलैंड, विशाल नगर, छ.ग.होटल के पास रायपुर 492006', NULL, NULL, '9425508099', '2422425', NULL, NULL, NULL, 45, 13, NULL, NULL, NULL, NULL),
(196, 'सुश्री ज्योति गुगेल', 'डी.-4, पेंशनबाड़ा, रायपुर', NULL, NULL, '9425515136', '2437311', NULL, NULL, NULL, 46, 13, NULL, NULL, NULL, NULL),
(197, 'श्री जे.के.अग्रवाल', 'फ्लैट नं.-603,एच आर टॅावर, अग्रोहा सोसायटी के पास,रायपुरा,रायपुर', NULL, NULL, '7987584661', '2437320', NULL, NULL, NULL, 47, 13, NULL, NULL, NULL, NULL),
(198, 'श्री रामदीन ध्रुव', 'बोरियाखुर्द,मोती नगर, रायपुर', NULL, NULL, '9406017032', '2437318', NULL, NULL, NULL, 48, 13, NULL, NULL, NULL, NULL),
(199, 'श्री एस.एस.पोर्ते', 'मंडल आवासीय परिसर,पेंशनबाड़ा रायपुर', NULL, NULL, '9826172700', '2437312', NULL, NULL, NULL, 49, 13, NULL, NULL, NULL, NULL),
(200, 'श्रीमती रेणु जी पिल्ले,', 'डी-2/37, आफिसर्स कालोनी, देवेन्द्र नगर, रायपुर', NULL, NULL, '4028552', NULL, '2473262', NULL, NULL, 50, 14, NULL, NULL, NULL, NULL),
(201, 'श्री हिम शिखर गुप्ता,', 'डी-1/10, आफिसर्स कालोनी, देवेन्द्र नगर, रायपुर', NULL, NULL, '4001422', NULL, '2473263', NULL, NULL, 51, 14, NULL, NULL, NULL, NULL),
(202, 'श्री अंकित आनंद', 'सी-155, स्ट्रीट-आर-6 स्वर्ण भूमि, विधानसभा रोड, रायपुर (छ0ग0)', NULL, NULL, '9407748805', '2574000', NULL, NULL, NULL, 52, 15, NULL, NULL, NULL, NULL),
(203, 'श्रीमती उज्जवला बघेल', '54/1885, न्यू रोहिणीपुरम, रायपुर (छ0ग0)', NULL, NULL, '9425519214', '2574300', NULL, NULL, NULL, 53, 15, NULL, NULL, NULL, NULL),
(204, 'श्री एन.के. बिजौरा', 'पीपी-61, पार्थिवी प्रोविन्स, सरोना, रायपुर (छ0ग0)', NULL, NULL, '9407739777', '2574400', NULL, NULL, NULL, 54, 15, NULL, NULL, NULL, NULL),
(205, 'श्री हर्ष गौतम', 'फ्लेट नं. ए/402, श्री रोमन क्यू विला, लाभांडी, रायपुर (छ0ग0)', NULL, NULL, '9406054944', '', NULL, NULL, NULL, 54, 15, NULL, NULL, NULL, NULL),
(206, 'श्री अंकित आनंद,', 'सी-155, स्ट्रीट-आर-6 स्वर्ण भूमि, विधानसभा रोड, रायपुर (छ0ग0)', NULL, NULL, '9407748805', '2574000', NULL, NULL, NULL, 55, 16, NULL, NULL, NULL, NULL),
(207, 'श्री अशोक कुमार', 'ई-502, जैनम प्लेनेट, एक्स के पास, टाटीबंध, रायपुर (छ0ग0)', NULL, NULL, '9826308744', '2574500', NULL, NULL, NULL, 56, 16, NULL, NULL, NULL, NULL),
(208, 'श्रीमती उज्जवला बघेल', '54/1885, न्यू रोहिणीपुरम, रायपुर (छ0ग0)', NULL, NULL, '9425519214', '2574300', NULL, NULL, NULL, 57, 16, NULL, NULL, NULL, NULL),
(209, 'श्री अमिताभ जैन,', 'ई-2/11, आॅफिसर्स काॅलोनी, देवेन्द्र नगर, रायपुर', NULL, NULL, '98261&46416', NULL, NULL, NULL, NULL, 59, 17, NULL, NULL, NULL, NULL),
(210, 'श्री सुब्रत साहू', 'डी-1/5, आॅफिसर्स काॅलोनी, देवेन्द्र नगर, रायपुर', NULL, NULL, '7898450000', NULL, NULL, NULL, NULL, 59, 17, NULL, NULL, NULL, NULL),
(211, 'श्री अंकित आनंद', 'सी-155, स्ट्रीट-आर-6 स्वर्ण भूमि, विधानसभा रोड, रायपुर (छ0ग0', NULL, NULL, '9407748805', NULL, NULL, NULL, NULL, 58, 17, NULL, NULL, NULL, NULL),
(212, 'श्री हर्ष गौतम', 'फ्लेट नं. ए/402, श्री रोमन क्यू विला, लाभांडी, रायपुर (छ0ग0)', NULL, NULL, '9406054944', '2574200', NULL, NULL, NULL, 59, 17, NULL, NULL, NULL, NULL),
(213, 'श्रीमती उज्जवला बघेल', '54/1885, न्यू रोहिणीपुरम, रायपुर (छ0ग0)अ', NULL, NULL, '9425519214', '2574300', NULL, NULL, NULL, 59, 17, NULL, NULL, NULL, NULL),
(214, 'श्री एन.के. बिजौरा', 'पीपी-61, पार्थिवी प्रोविन्स, सरोना, रायपुर (छ0ग0)', NULL, NULL, '9407739777', '2574400', NULL, NULL, NULL, 59, 17, NULL, NULL, NULL, NULL),
(215, 'श्री अंकित आनंद, ', 'सी-155, स्ट्रीट-आर-6 स्वर्ण भूमि, विधानसभा रोड, रायपुर (छ0ग0)', NULL, NULL, '9407748805', '2574000', NULL, NULL, NULL, 60, 18, NULL, NULL, NULL, NULL),
(216, 'श्री एन.के. बिजौरा,', 'पीपी-61, पार्थिवी प्रोविन्स, सरोना, रायपुर (छ0ग0)', NULL, NULL, '9407739777', '2574400', NULL, NULL, NULL, 61, 18, NULL, NULL, NULL, NULL),
(217, 'श्रीमती उज्जवला बघेल,', '54/1885, न्यू रोहिणीपुरम, रायपुर (छ0ग0)', NULL, NULL, '9425519214', '2574300', NULL, NULL, NULL, 61, 18, NULL, NULL, NULL, NULL),
(218, 'श्री अंकित आनंद,', 'सी-155, स्ट्रीट-आर-6 स्वर्ण भूमि, विधानसभा रोड, रायपुर (छ0ग0)', NULL, NULL, '9407748805', '2574000', NULL, NULL, NULL, 62, 19, NULL, NULL, NULL, NULL),
(219, 'श्री राजेश वर्मा, ', 'सी ब्लाॅक-502, सालासार ग्रीन, सरोना, रायपुर (छ0ग0) ', NULL, NULL, '9826540857', '2574100', NULL, NULL, NULL, 63, 19, NULL, NULL, NULL, NULL),
(220, 'श्री एन.के. बिजौरा, ', 'पीपी-61, पार्थिवी प्रोविन्स, सरोना, रायपुर (छ0ग0', NULL, NULL, '9407739777', '2574400', NULL, NULL, NULL, 64, 19, NULL, NULL, NULL, NULL),
(221, 'श्री एजाज ढ़ेबर', NULL, NULL, NULL, '9479111111', NULL, '', NULL, NULL, 65, 20, 'रायपुर', 'रायपुर', NULL, NULL),
(222, '\"श्रीमती अंबिका यदु', NULL, NULL, NULL, '9753555448', NULL, '', NULL, NULL, 65, 20, 'बीरगांव', 'रायपुर', NULL, NULL),
(223, 'श्री विजय देवांगन', NULL, NULL, NULL, '9425512719', NULL, '', NULL, NULL, 65, 20, 'धमतरी', 'धमतरी', NULL, NULL),
(224, 'श्री देवेन्द्र यादव', NULL, NULL, NULL, '8959111115', NULL, '0788 4444764', NULL, NULL, 65, 20, 'भिलाई', 'दुर्ग', NULL, NULL),
(225, 'श्री धीरज बाकलीवाल', NULL, NULL, NULL, '9425235611', NULL, '', NULL, NULL, 65, 20, 'दुर्ग', 'दुर्ग', NULL, NULL),
(226, 'श्रीमती चंद्रकाता माडले', NULL, NULL, NULL, '9285506600', NULL, '', NULL, NULL, 65, 20, 'भिलाई चरौदा', 'दुर्ग', NULL, NULL),
(227, 'कलेक्टर, दुर्ग (प्रशासक)', NULL, NULL, NULL, '7566068282', NULL, '', NULL, NULL, 65, 20, 'रिसाली', 'दुर्ग', NULL, NULL),
(228, 'श्रीमती हेमा सुदेश देशमुख', NULL, NULL, NULL, '9893295141', NULL, '', NULL, NULL, 65, 20, 'राजनांदगांव', 'राजनांदगांव', NULL, NULL),
(229, '\"श्रीमती सफीरा साहू', NULL, NULL, NULL, '8839295141', NULL, '', NULL, NULL, 65, 20, 'जगदलपुर', 'बस्तर', NULL, NULL),
(230, 'श्री राम शरण यादव ', NULL, NULL, NULL, '9425219126', NULL, '', NULL, NULL, 65, 20, 'बिलासपुर', 'बिलासपुर', NULL, NULL),
(231, 'श्री राज किशोर प्रसाद', NULL, NULL, NULL, '9425224574', NULL, '', NULL, NULL, 65, 20, 'कोरबा', 'कोरबा', NULL, NULL),
(232, 'सुश्री जानकी काटजू', NULL, NULL, NULL, '9755306662', NULL, '07762 222911', NULL, NULL, 65, 20, 'रायगढ़', 'रायगढ़', NULL, NULL),
(233, 'डाॅ. अजय कुमार तिर्की', NULL, NULL, NULL, '9617349988', NULL, '', NULL, NULL, 65, 20, 'अंबिकापुर', 'सरगुजा', NULL, NULL),
(234, '\"श्रीमती कंचन जायसवाल', NULL, NULL, NULL, '9826167248', NULL, '', NULL, NULL, 65, 20, 'चिरमिरी', 'कोरिया', NULL, NULL),
(235, 'श्री सौरभ कुमार (भा.प्र.से-2009)', NULL, NULL, NULL, '9479059150 ,2885033', NULL, '0771-2531014 /2227395', NULL, NULL, 66, 21, 'रायपुर', 'रायपुर', NULL, NULL),
(236, '\"श्री श्रीकांत वर्मा (राप्रसे-2015)', NULL, NULL, NULL, '9479059150 ,5532276', NULL, '0771-2100124', NULL, NULL, 66, 21, 'बीरगांव', 'रायपुर', NULL, NULL);
INSERT INTO `contact_details` (`id`, `name`, `home_address`, `office_address`, `siting_address`, `cont_personal_no`, `cont_office_no`, `cont_fax`, `cont_email`, `constituency`, `designation_id`, `department_id`, `nigam_city`, `district`, `pbx`, `vidhansabha_contact`) VALUES
(237, 'श्री आशीष कुमार टिकरिहा (राप्रसे-2013)', NULL, NULL, NULL, '9691728304 ,241598', NULL, '07722-237350', NULL, NULL, 66, 21, 'धमतरी', 'धमतरी', NULL, NULL),
(238, 'श्री ऋतुराज रघुवंशी(भाप्रसे-2014)', NULL, NULL, NULL, '7747011000 ,2242884', NULL, '07880-2350125/229505', NULL, NULL, 66, 21, 'भिलाई', 'दुर्ग', NULL, NULL),
(239, 'श्री इंद्रजीत बर्मन (राप्रसे-2013)', NULL, NULL, NULL, '9753310969 ,2325184 ,2212466', NULL, '0788-2322048 /2322148', NULL, NULL, 66, 21, 'दुर्ग', 'दुर्ग', NULL, NULL),
(240, 'श्री कीर्तिमान सिंह राठौर (रा.प्रसे-2014)', NULL, NULL, NULL, '8120309000 ,255254', NULL, '0788-2284488', NULL, NULL, 66, 21, 'भिलाई चरौदा', 'दुर्ग', NULL, NULL),
(241, 'श्री प्रकाश कुमार सर्वे ( राप्रसे-2008)', NULL, NULL, NULL, '9406111751', NULL, '', NULL, NULL, 66, 21, 'रिसाली', 'दुर्ग', NULL, NULL),
(242, 'श्री चन्द्रकान्त कौशिक(राप्रसे-2013)', NULL, NULL, NULL, '9407795476 ,226038', NULL, '07744-405510/404893', NULL, NULL, 66, 21, 'राजनांदगांव', 'राजनांदगांव', NULL, NULL),
(243, 'श्री प्रेम कुमार पटेल (राप्रसे-2013)', NULL, NULL, NULL, '7000165162 ,229867', NULL, '07782-221055', NULL, NULL, 66, 21, 'जगदलपुर', 'बस्तर', NULL, NULL),
(244, 'श्री प्रभाकर पाण्डेय (राप्रसे-2014)', NULL, NULL, NULL, '9111837777 ,271500', NULL, '07752-222642 ,245228/413888 ', NULL, NULL, 66, 21, 'बिलासपुर', 'बिलासपुर', NULL, NULL),
(245, 'श्री एस जयवर्धन(भाप्रसे-2014)', NULL, NULL, NULL, '8297948681 ,222988', NULL, '07759-221288 /226922', NULL, NULL, 66, 21, 'कोरबा', 'कोरबा', NULL, NULL),
(246, 'श्री आशुतोष पाण्डे (राप्रसे-2008)', NULL, NULL, NULL, '7773808088/225426', NULL, '07762-222911 /222923', NULL, NULL, 66, 21, 'रायगढ़', 'रायगढ़', NULL, NULL),
(247, 'श्री हरेश मंडावी (राप्रसे-2013)', NULL, NULL, NULL, '9424293863 ,236131/220154', NULL, '07774-220471 ,221376/236393', NULL, NULL, 66, 21, 'अंबिकापुर', 'सरगुजा', NULL, NULL),
(248, 'कु. सुमन राज (राप्रसे-2016)', NULL, NULL, NULL, '9981824053 ,263917', NULL, '07771-263214 /263213', NULL, NULL, 66, 21, 'चिरमिरी', 'कोरिया', NULL, NULL),
(249, 'श्री अमित अग्रवाल', '35, तृतीय तल, जीवनदीप बिल्डिंग, संसद मार्ग', 'सी-।।/54, सत्य मार्ग, चाणक्य पुरी, नई दिल्ली-21', NULL, '9425501081', NULL, '23748765/23744571', NULL, NULL, 67, 22, NULL, NULL, NULL, NULL),
(250, 'श्रीमती ऋचा शर्मा ', 'पी-327, पृथ्वी विंग, इंदिरा पर्यावरण भवन जोर बाग', 'ए-4, टावर-4, टाईप-6 ए, किदवई नगर (पूर्व), नई दिल्ली', NULL, '9810311498', NULL, '24695288', NULL, NULL, 68, 22, NULL, NULL, NULL, NULL),
(251, 'श्रीमती निधि छिब्बर  ', '110, साउथ ब्लाॅक, नई दिल्ली।', 'सी-।।/138, मधूलिमये मार्ग, चाणक्यपुरी,नई दिल्ली-21', NULL, '9870460054', NULL, '23015952 ,23016447/23014675', NULL, NULL, 68, 22, NULL, NULL, NULL, NULL),
(252, 'श्री विकाश शील', '44-ए, ए-विंग, निर्माण भवन,नई दिल्ली।', 'सी-।।/138, मधूलिमये मार्ग,  चाणक्यपुरी, नई दिल्ली-21', NULL, '9899738728', NULL, '23061481/23063506', NULL, NULL, 68, 22, NULL, NULL, NULL, NULL),
(253, 'श्री मनोज कुमार पिंगुआ', 'तृतीय तल, चाणक्य भवन, चाणक्यपुरी,   नई दिल्ली', 'सी- 2/114, सत्य मार्ग, चाणक्यपुरी,नई दिल्ली-21', NULL, '9818146936', NULL, '26873116 ,24107326/24105809', NULL, NULL, 69, 22, NULL, NULL, NULL, NULL),
(254, 'श्री सुबोध कुमार सिंह', '175, कृषि भवन', 'बी-2/ब्लाॅक-5, किदवई नगर (पूर्व), नई दिल्ली', NULL, '9425250151', NULL, '23382512/23389358', NULL, NULL, 68, 22, NULL, NULL, NULL, NULL),
(255, 'डा रोहित यादव', 'साउथ ब्लाक', 'डी.-2/ सी-3, मोती बाग(नार्थ वेस्ट) ,  नई दिल्ली       ', NULL, '9425295440', NULL, '23017367', NULL, NULL, 68, 22, NULL, NULL, NULL, NULL),
(256, 'श्रीमती ऋतु सैन ', 'शहरी विकास मंत्रालय 442, सी, निर्माण भवन, ', 'डी.-2/ सी-3, मोती बाग (नार्थ वेस्ट),   नई दिल्ली   ', NULL, '7692006000', NULL, '23062005', NULL, NULL, 70, 22, NULL, NULL, NULL, NULL),
(257, 'श्री अमित कटारिया', '611, 6ठवां तल, ’ए’ विंग, निर्माण भवन', 'डी.-2/221, विनय मार्ग, चाणक्यपुरी,नई दिल्ली-21', NULL, '9425580306', NULL, '23062871/23061384', NULL, NULL, 71, 22, NULL, NULL, NULL, NULL),
(258, 'श्री मुकेश कुमार बंसल', '119, कृषि भवन', 'डी-1/इ-2, केन्द्रीय शासकीय अधिकारी आवास, बापू धाम, सन मार्टिन मार्ग, चाणक्यपुरी,   नई दिल्ली', NULL, '9425274165', NULL, '23383370, 23383548', NULL, NULL, 72, 22, NULL, NULL, NULL, NULL),
(259, 'श्री स्वागत दास', '25, अकबर रोड', 'ए-6/3, एम.एस. फलैटस, सेक्टर 13, आर.के. पुरम, नई दिल्ली', NULL, '9650088673 ,9810998063', NULL, '23019775', NULL, NULL, 73, 23, NULL, NULL, NULL, NULL),
(260, 'श्री अमित कुमार', '5-बी, ’ए’ विंग, दसवां तल, सी.जी.ओ. काॅम्पलेक्स, लोधी रोड', 'ई-51, निवेदिता कुंज, आर0के0 पुरम्, नई दिल्ली', NULL, '9968081878', NULL, '24363325/24362624', NULL, NULL, 74, 23, NULL, NULL, NULL, NULL),
(261, 'श्री अंकित कुमार गर्ग', 'प्रथम तल,सी.जी.ओ. काँम्पलेक्स के सामने, लोधी रोड', 'डी-।।/347, विनय मार्ग, चाणक्यपुरी,नई दिल्ली', NULL, '9425277770', NULL, '24367968 ,24368801  ', NULL, NULL, 75, 23, NULL, NULL, NULL, NULL),
(262, 'श्री बद्रीनारायण मीणा', '35, सरदार पटेल मार्ग, चाणक्यपुरी', '502, बापू धाम, चाणक्यपुरी, नई दिल्ली', NULL, '9752258444/9406329595', NULL, '', NULL, NULL, 76, 23, NULL, NULL, NULL, NULL),
(263, 'श्री राहुल भगत,', 'शास्त्री भवन, रफी मार्ग', 'डी-2/1, पंडारा रोड, खान मार्केट, नई दिल्ली', NULL, '9425285792', NULL, '23718923', NULL, NULL, 77, 23, NULL, NULL, NULL, NULL),
(264, 'श्री ध्रुव गुप्ता', '', 'के.के-17, पुराना कवि नगर, गाजियाबाद, उत्तर प्रदेश', NULL, '7290064950 ,7376036885', NULL, '', NULL, NULL, 78, 23, NULL, NULL, NULL, NULL),
(265, 'श्री अमरेश कुमार मिश्रा', 'सी.जी.ओ. काँम्पलेक्स के सामने, लोधी रोड', 'डी-2/143,  किदवई नगर (पूर्व), नई दिल्ली', NULL, '9425285793', NULL, '24368790 ,24368838', NULL, NULL, 79, 23, NULL, NULL, NULL, NULL),
(266, 'श्रीमती बी.व्ही.उमादेवी', 'ए-4, टावर-6, न्यू मोती बाग, नई दिल्ली', 'ए-4, टावर-6, न्यू मोती बाग, नई दिल्ली', NULL, '8826044226', NULL, '24695266', NULL, NULL, 80, 24, NULL, NULL, NULL, NULL),
(267, 'श्री संजय कुमार ओझा', 'पर्यावरण, वन एवं जलवायु परिवर्तन मंत्रालय, इंदिरा पर्यावरण भवन जोर बाग, नई दिल्ली', 'डी-1/68, सत्य मार्ग, चाणक्यपुरी, नई दिल्ली-21', NULL, '21610504 ,9968076590', NULL, '24695275', NULL, NULL, 81, 24, NULL, NULL, NULL, NULL),
(268, 'श्री मनोज कुमार पिंगुआ', NULL, 'सी- 2/114, सत्य मार्ग, चाणक्यपुरी, नई दिल्ली।', NULL, '9818146936', NULL, '26873116/24105809', NULL, NULL, 82, 25, NULL, NULL, NULL, NULL),
(269, 'श्री संजय अवस्थी', NULL, '306,अंतरिक्ष ग्रीन, इंदिरापुरम, गाजियाबाद, उत्तर प्रदेश', NULL, '9868977921', NULL, '26876322', NULL, NULL, 83, 25, NULL, NULL, NULL, NULL),
(270, 'श्रीमती मनीषा दुबे  ', NULL, '8, वैशाली अपार्टमेंट, आईआईटी दिल्ली, हौज खास, नई दिल्ली-110016', NULL, '26107535', NULL, '24105808', NULL, NULL, 84, 25, NULL, NULL, NULL, NULL),
(271, 'श्री विजय कुमार खन्ना ', NULL, '31/104 बी, स्ट्रीट नं0 05, विश्वास नगर, शहादरा, दिल्ली 110032', NULL, '9810715808', NULL, '26876321', NULL, NULL, 85, 25, NULL, NULL, NULL, NULL),
(272, 'श्री पर्वत कुमार कर  ', NULL, 'क्वाटर न0. जे 5/7, रिंग रोड कालोनी, दिल्ली कैंट, नई दिल्ली', NULL, '9560616015', NULL, '46156018 ,46156000', NULL, NULL, 86, 25, NULL, NULL, NULL, NULL),
(273, 'श्री रविकान्त', NULL, '107, करुणा कुज्ज सेक्टर 3 द्वारका नई दिल्ली 11007', NULL, '8851632456', NULL, '45231000', NULL, NULL, 87, 25, NULL, NULL, NULL, NULL),
(274, 'श्रीमती श्वेता खेमानी ', NULL, 'मकान न0 3096, सेक्टर-ए, पाॅकेट बी/सी वंसत कुंज नई दिल्ली-110077  ', NULL, '9302395000', NULL, '26873116', NULL, NULL, 88, 25, NULL, NULL, NULL, NULL),
(275, 'श्रीमती प्रेरणा अग्रवाल   ', NULL, 'सी-201, रणजीत विहार-1, प्लाट न. 15, सेक्टर-22, द्वारका, नई दिल्ली।', NULL, '9821665267', NULL, '26873116', NULL, NULL, 89, 25, NULL, NULL, NULL, NULL),
(276, 'श्री अजीत सिंह', NULL, '47-ए, पाकेट ए.3, मयूर विहार फेज-3 दिल्ली-110096', NULL, '9711727300', NULL, '24107326', NULL, NULL, 90, 25, NULL, NULL, NULL, NULL),
(277, 'श्री सुनील सिंह', NULL, 'डी-6, संतुष्टि अपार्टमेंट, फ्लेट नं0 6001/4,  वसंत कुंज,नई दिल्ली', NULL, '8447413739', NULL, '24677167-68/24677167', NULL, NULL, 91, 26, NULL, NULL, NULL, NULL),
(278, 'सुश्री आरती सिंह ', NULL, 'डब्ल्यूजेड‐304 नांगल राया जेल रोड, नई दिल्ली', NULL, '7987671532', NULL, '24677167-68/24677167', NULL, NULL, 92, 26, NULL, NULL, NULL, NULL),
(279, 'श्री अरविन्द कुमार सिंह', 'एस-3/36	एफ-5, कुन्दन पैलेस के पास, पेंशन बाड़ा, रायपुर', NULL, NULL, '94255-60483', NULL, '0771-2510934/2221134', 'stateprotocolcg036@ gmail.com	', NULL, 93, 27, NULL, NULL, NULL, NULL),
(280, 'श्री सुनील जोसफ', 'एस-3/37,ब्लाक-5, क्वार्टर नं0   एच.आई.जी.-117, विजेता काम्पलेक्स, न्यू राजेन्द्र नगर, रायपुर', NULL, NULL, '94242-16095', NULL, '', 'suniljoseph045@gmail.com', NULL, 94, 27, NULL, NULL, NULL, NULL),
(281, 'श्री सलिल राय श्रीवास्तव', '', '', NULL, '94255-32626', NULL, '', '', NULL, 95, 28, NULL, NULL, NULL, NULL),
(282, 'श्री विजय कुमार रात्रे', 'एए 0-15', 'जी-43, सिंचाई कालोनी, शांति नगर, रायपुर', NULL, '94792-76803', NULL, '', '', NULL, 96, 28, NULL, NULL, NULL, NULL),
(283, 'श्री ए.के. बोस', '', '', NULL, '80859-52339', NULL, '', '', NULL, 97, 28, NULL, NULL, NULL, NULL),
(284, 'श्री विकास श्रीवास्तव', 'एए 0-16', 'गोपिया पारा, पुरानी बस्ती, रायपुर', NULL, '98269-55508', NULL, '', '', NULL, 98, 28, NULL, NULL, NULL, NULL),
(285, 'डा. श्रीमती शुभा सक्सेना', 'एबी 2-6, एलोपैथिक चिकित्सालय', 'शंकर नगर, मेन रोड़, रायपुर', NULL, '94242-01611', NULL, '2510972', '', NULL, 119, 28, NULL, NULL, NULL, NULL),
(286, 'डा. श्री पीयूष मढ़रिया', 'एबी 2-6,एलोपैथिक चिकित्सालय', 'कुशालपुर, रायपुर', NULL, '97707-57587', NULL, '2510972', '', NULL, 119, 28, NULL, NULL, NULL, NULL),
(287, 'डा. नन्दा साहू', 'एबी 2-4,आयुर्वेदिक चिकित्सालय', 'मारूती लाईफ स्टाईल, कोटा, रायपुर', NULL, '99264-79365', NULL, '2510980', '', NULL, 119, 28, NULL, NULL, NULL, NULL),
(288, 'श्री श्रीकांत द्विवेदी', 'एस 0-47', 'ई-1/21, सेक्टर-17, नवा रायपुर अटल नगर, रायपुर', NULL, '94791-90214 ,97539-54444', NULL, '2510524', 'cso.cgmantralaya@gmail.com', NULL, 99, 28, NULL, NULL, NULL, NULL),
(289, 'श्री पी.एन.एस. यादव', 'एस 0-47, 48', 'सेक्टर-27, ब्लाक नम्बर 40, एफ-3 बी,मकान नम्बर 103, नवा रायपुर अटल नगर, रायपुर', NULL, '94791-90216 ,94077-04900', NULL, '2510524', '', NULL, 100, 28, NULL, NULL, NULL, NULL),
(290, 'श्री एन.पी. मरावी', 'एए 1-17', 'जीएडी काम्प्लेक्स, कबीर नगर, रायपुर', NULL, '84355-26080', NULL, '2510923', 'registrar.gad10@gmail.com', NULL, 101, 28, NULL, NULL, NULL, NULL),
(291, 'श्री सुदर्शन प्रसाद यादव', 'एए 1-16', 'जीएडी काम्प्लेक्स, कबीर नगर, रायपुर', NULL, '97521-50916', NULL, '2510512', 'registrar.gad10@gmail.com', NULL, 102, 28, NULL, NULL, NULL, NULL),
(292, 'श्री चंद्रशेखर ओंकार', 'एए 1-9', 'डी-6, पंकज विक्रम अपार्टमेंट्स, शैलेन्द्र नगर,कटोरा तालाब, रायपुर', NULL, '9815-75472', NULL, '2510965', 'csonkar60@gmail.com', NULL, 103, 28, NULL, NULL, NULL, NULL),
(293, 'श्री पंकज कुमार', 'एए 1-14', 'बी/1-32, लोकमान्य सोसायटी, दीनदयाल उपाध्याय नगर, रायपुर', NULL, '70000-60732', NULL, '2510588', 'pkapo1980@gmail.com', NULL, 104, 28, NULL, NULL, NULL, NULL),
(294, 'श्री कुलदीप सिंह यादव', 'एए 1-11', 'फ्लैट न. 304, ब्लाक-51/सेक्टर-29, नवा रायपुर अटल नगर', NULL, '79879-39056', NULL, '2510715', 'Kuldeepsinghyadav1980@gmail.com', NULL, 104, 28, NULL, NULL, NULL, NULL),
(295, 'श्री नटवर लाल वर्मा', 'एए 1-15', 'मकान नं. 6, श्री जी पलाश 26 बंगले, अमलीडीह, रायपुर', NULL, '92294-72909', NULL, '2510369', 'vnatarlalverma@gmail.com', NULL, 118, 28, NULL, NULL, NULL, NULL),
(296, 'श्रीमती प्रबला लकड़ा', 'एए 1-11', 'एचआईजी-203, विजेता काॅम्पलेक्स,न्यू राजेन्द्र नगर, रायपुर', NULL, '84354-37278', NULL, '2510968', '', NULL, 105, 28, NULL, NULL, NULL, NULL),
(297, 'श्री अशोक कुमार होता', 'एडी 2-14,15,16', 'सेक्टर-27, नवा रायपुर अटल नगर, छ.ग. ', NULL, '94376-33654', NULL, '2221238', '', NULL, 106, 28, NULL, NULL, NULL, NULL),
(298, 'श्री अशोक मौर्य', 'एडी 0-39', 'पीपल-2, ग्रीन्सविले सिटी, हाउसिंग बोर्ड काॅलोनी, बोरियाकला, रायपुर', NULL, '94255-80763', NULL, '2510642', '', NULL, 107, 28, NULL, NULL, NULL, NULL),
(299, 'श्री शशांक श्रीवास्तव', 'एडी 3-28', '', NULL, '96693-81301', NULL, '', 'shashank.shrivastava@cgchips.in', NULL, 108, 28, NULL, NULL, NULL, NULL),
(300, 'श्री शैलेन्द्र कुमार सिन्हा', 'एए 2-03', 'जी-34, सेक्टर-1, अग्रोहा कालोनी रायपुरा, रायपुर (छ.ग.)', NULL, '98271-78992', NULL, '2510914', 'sksinhaji@gmail.com', NULL, 109, 28, NULL, NULL, NULL, NULL),
(301, 'श्री हीरालाल सिंह', 'एबी 0-17 कन्ट्रोल रूम', 'टैगोर नगर, रायपुर ', NULL, '88786-77780', NULL, '2228000', '', NULL, 110, 28, NULL, NULL, NULL, NULL),
(302, 'श्री हरिप्रकाश ब्यौहार', '', '', NULL, '94063-78578', NULL, '', '', NULL, 111, 28, NULL, NULL, NULL, NULL),
(303, 'श्री अविनाश', '', '', NULL, '73899-16649', NULL, '', '', NULL, 111, 28, NULL, NULL, NULL, NULL),
(304, 'श्री प्रदीप भास्कर भंडारे', 'एबी 0-03', 'अवंती विहार, रायपुर, छ.ग.', NULL, '77708-14440', NULL, '2221968', 'sbi.04286@sbi.co.in', NULL, 112, 28, NULL, NULL, NULL, NULL),
(305, 'श्रीमती दिव्याँजली गुप्ता', 'एबी 0-03', 'सेक्टर-27, नवा रायपुर अटल नगर, छ.ग.', NULL, '80855-21300 ,98938-84145', NULL, '2221958', 'sbi.04286@sbi.co.in', NULL, 113, 28, NULL, NULL, NULL, NULL),
(306, 'सुश्री अंजु नायक', 'एम 4-22', '', NULL, '79700-06585', NULL, '2510710', '', NULL, 114, 28, NULL, NULL, NULL, NULL),
(307, 'श्री अनिल कुमार सिंह', 'एबी 0-12', '', NULL, '98939-76678', NULL, '2534646', '', NULL, 115, 28, NULL, NULL, NULL, NULL),
(308, 'श्री देवेन्द्र कुमार डोक', 'एए 2-01', '', NULL, '94252-01755', NULL, '2224000', '', NULL, 116, 28, NULL, NULL, NULL, NULL),
(309, 'श्री मुकेश कुमार वर्मा', 'एए 2-01', '', NULL, '94252-01198', NULL, '2221999', '', NULL, 117, 28, NULL, NULL, NULL, NULL),
(310, 'श्री बाबू लाल धीवर श्री मोतीराम', 'एए 2-01', '', NULL, '99818-82151 ,97558-86822', NULL, '2221999', '', NULL, 119, 28, NULL, NULL, NULL, NULL),
(311, 'नाजीर शाखा', 'एए 1-01', '', NULL, '98261-26290', NULL, '2510919', '', NULL, 119, 28, NULL, NULL, NULL, NULL),
(312, 'फोटोकापी/रेशोग्राफी शाखा', 'एए 1-03', '', NULL, '99933-96951', NULL, '2510761', '', NULL, 119, 28, NULL, NULL, NULL, NULL),
(313, 'स्टेशनरी शाखा', 'एए 1-04', '', NULL, '76949-36766', NULL, '2510971', '', NULL, 119, 28, NULL, NULL, NULL, NULL),
(314, 'उपकरण', 'एए 1-08', '', NULL, '99814-07720', NULL, '2510911', '', NULL, 119, 28, NULL, NULL, NULL, NULL),
(315, 'अनुभाग अधिकारी', 'एए 2-05', '', NULL, '94077-47627', NULL, '2510592', '', NULL, 119, 28, NULL, NULL, NULL, NULL),
(316, 'कैश सेक्शन', 'एए 1-10', '', NULL, '', NULL, '2510587', '', NULL, 119, 28, NULL, NULL, NULL, NULL),
(317, 'केयर टेकर शाखा', 'एए 0-03', '', NULL, '', NULL, '2510566', '', NULL, 119, 28, NULL, NULL, NULL, NULL),
(318, 'सुरक्षा कार्यालय', 'एस 0-48', '', NULL, '94791-92204', NULL, '2510524', '', NULL, 119, 28, NULL, NULL, NULL, NULL),
(319, 'केंटीन, प्रथम तल', 'एबी 1-02', '', NULL, '', NULL, '2510760', '', NULL, 119, 28, NULL, NULL, NULL, NULL),
(320, 'केंटीन, चतुर्थ तल', 'एस 4-11, 12', '', NULL, '', NULL, '2510020', '', NULL, 119, 28, NULL, NULL, NULL, NULL),
(321, 'कंट्रोल रूम, संधारण', 'एए 0-15', '', NULL, '', NULL, '2228000', '', NULL, 119, 28, NULL, NULL, NULL, NULL),
(322, 'केन्द्रीय डाक', 'एबी 0-02', '', NULL, '', NULL, '2510704', '', NULL, 119, 28, NULL, NULL, NULL, NULL),
(323, 'मंत्रालय प्रवेश द्वार क्रमांक', 'A', '', NULL, '', NULL, '2510501', '', NULL, 119, 28, NULL, NULL, NULL, NULL),
(324, 'मंत्रालय प्रवेश द्वार क्रमांक', 'B', '', NULL, '', NULL, '2510502', '', NULL, 119, 28, NULL, NULL, NULL, NULL),
(325, 'मंत्रालय प्रवेश द्वार क्रमांक', 'C', '', NULL, '', NULL, '2510305', '', NULL, 119, 28, NULL, NULL, NULL, NULL),
(326, 'मंत्रालय प्रवेश द्वार क्रमांक', 'D', '', NULL, '', NULL, '2510304', '', NULL, 119, 28, NULL, NULL, NULL, NULL),
(327, 'मंत्रालय प्रवेश द्वार क्रमांक', 'F', '', NULL, '', NULL, '2510506', '', NULL, 119, 28, NULL, NULL, NULL, NULL),
(328, 'प्रमुख बाहरी परिसर द्वार', 'A-B', '', NULL, '', NULL, '2510507', '', NULL, 119, 28, NULL, NULL, NULL, NULL),
(329, 'श्री मनोज कुमार पिंगुआ ', 'एस-24/02', 'डी-2/25 आॅफिसर्स काॅलोनी देवेन्द्र नगर रायपुर', NULL, NULL, NULL, '2510245 2221258', 'pinguamk@ias.nic.in', NULL, 131, 1, NULL, NULL, NULL, NULL),
(330, 'डा0 पी. के. मिश्रा', 'साउथ ब्लाक, \r\nनई दिल्ल-11', '2, कृष्णा मेनन मार्ग, नई दिल्ली', NULL, NULL, NULL, '23013816', NULL, '23013040', 130, 29, NULL, NULL, NULL, NULL),
(331, 'डाॅ. के.सी. वर्मा ', NULL, NULL, NULL, '9827114146', NULL, '0771-2262857/2262583 ,2263439', 'vc_raipur@prsu.org.in,proskp@gmail.com', NULL, 132, 30, NULL, NULL, NULL, NULL),
(332, 'डाॅ. गिरीश कांत पाण्डेय', NULL, NULL, NULL, '9329100238', NULL, '0771-2262540/2262818', 'registrarprsu@gmail.com', NULL, 133, 30, NULL, NULL, NULL, NULL),
(333, 'श्रीमती मोक्षदा चन्द्राकर', NULL, NULL, NULL, '', NULL, '07820-234534/234108 ,234198', 'vc@iksvv.com,         mandawi_singh@yahoo.com', NULL, 132, 30, NULL, NULL, NULL, NULL),
(334, 'श्री पी.एस. धु्रव', NULL, NULL, NULL, '9425256614', NULL, '07820-234232/234534 ,234810', 'iksvvkgh@gmail.        Com', NULL, 133, 30, NULL, NULL, NULL, NULL),
(335, 'श्री बलदेव भाई शर्मा  ', NULL, NULL, NULL, '9818499926 ,9868493646', NULL, '0771-2779201/6499187 ,2779210', 'kulpati@ktujm.ac.in', NULL, 132, 30, NULL, NULL, NULL, NULL),
(336, 'डाॅ. उमा शंकर ठाकुर', NULL, NULL, NULL, '8103372201', NULL, '0771-2779202,0771-6499184', 'registrar@ktujm.ac.in', NULL, 133, 30, NULL, NULL, NULL, NULL),
(337, 'डाॅ.बंशगोपाल सिंह ', NULL, NULL, NULL, '9669907206/9893017457', NULL, '07752-414255 ,07752-424329/414245 ,41425', 'vc@pssou.ac.in,  bannshjee@gmail.com', NULL, 132, 30, NULL, NULL, NULL, NULL),
(338, 'डाॅं. श्रीमती इन्दु अनंत', NULL, NULL, NULL, '9425530313', NULL, '07752-414255 ,07752-424329', '', NULL, 133, 30, NULL, NULL, NULL, NULL),
(339, 'डाॅ. विनोद कुमार पाठक', NULL, NULL, NULL, '8959752727', NULL, '07782-229037/229026', '', NULL, 133, 30, NULL, NULL, NULL, NULL),
(340, 'डाॅ. एस.के.सिंह', NULL, NULL, NULL, '9425215711', NULL, '07782-229239/229226,229037', '', NULL, 132, 30, NULL, NULL, NULL, NULL),
(341, 'सुश्री जी. किण्डो', NULL, NULL, NULL, '', NULL, '07772-222788,07772-222789/222790,222791', '', NULL, 132, 30, NULL, NULL, NULL, NULL),
(342, 'श्री विनोद एक्का', NULL, NULL, NULL, '9406034527', NULL, '', 'registrarsua@yahoo.com', NULL, 133, 30, NULL, NULL, NULL, NULL),
(343, 'डाॅ. संजय अलंग', NULL, NULL, NULL, '', NULL, '07752-260294/260294', 'gduttasharma@yahoo.co.in', NULL, 132, 30, NULL, NULL, NULL, NULL),
(344, 'डाॅ. सुधीर शर्मा', NULL, NULL, NULL, '9827802078', NULL, '22031/220031', '', NULL, 133, 30, NULL, NULL, NULL, NULL),
(345, 'डाॅ. श्रीमती अरूणा पल्टा', NULL, NULL, NULL, '9424223822', NULL, '', '', NULL, 132, 30, NULL, NULL, NULL, NULL),
(346, 'डाॅ. सी.एल. देवांगन', NULL, NULL, NULL, '9425516542', NULL, '', '', NULL, 133, 30, NULL, NULL, NULL, NULL),
(347, 'डाॅ. ललित प्रकाश पटेरिया', NULL, NULL, NULL, '', NULL, '', '', NULL, 132, 30, NULL, NULL, NULL, NULL),
(348, 'श्री के.के. चन्द्राकर ', NULL, NULL, NULL, '', NULL, '', '', NULL, 133, 30, NULL, NULL, NULL, NULL),
(349, 'डाॅ. एस.के. पाटील', NULL, 'कुलपति निवास, प्रशासनिक भवन परिसर इंदिरा गांधी कृषि विश्वविद्यालय, रायपुर-492012 ', NULL, '0771-2443008', NULL, '0771-2443419', 'vcigkv@gmail.com', NULL, 132, 30, NULL, NULL, NULL, NULL),
(350, 'डाॅ प्रभाकर सिंह', NULL, 'मेट्रोग्रीन कालोनी, भवन स्कूल के सामने, सडृडू रायपुर (छ.ग.) 492007', NULL, '75871-24379 ', NULL, '0771-2442537', 'registrar.cg@gov.in', NULL, 134, 30, NULL, NULL, NULL, NULL),
(351, 'श्री विजय कुमार खलखो', NULL, 'कृषक नगर आवासीय परिसर, इंदिरा गांधी कृषि विश्वविद्यालय, रायपुर-492', NULL, '97550-21333', NULL, '0771-2444106', 'compt.igkv@gmail.com', NULL, 134, 30, NULL, NULL, NULL, NULL),
(352, 'डाॅ. एम.पी.ठाकुर', NULL, 'विशाल नगर, तेलीबांधा, रायपुर 492006 ', NULL, '98261-91749', NULL, '0771-2444105', 'diigkv@gmail.com', NULL, 135, 30, NULL, NULL, NULL, NULL),
(353, 'डाॅ. आर. के बाजपेयी', NULL, 'विशाल नगर, तेलीबांधा, रायपुर-492006', NULL, '94062-36558', NULL, '0771-2443035', 'drs igkvr@ yahoo.com', NULL, 136, 30, NULL, NULL, NULL, NULL),
(354, 'डाॅ. जी.के.दास', NULL, 'विजय नगर, अवन्ति विहार, रायपुर-492006', NULL, '94252-05247', NULL, '0771-2442493', 'directorfarms.igkv@gmail.com', NULL, 137, 30, NULL, NULL, NULL, NULL),
(355, 'डाॅ.(मेजर) जी.के. श्रीवास्तव', NULL, 'शताब्दी नगर, तेलीबाॅधा, रायपुर-492006', NULL, '94060-29112', NULL, '0771-2443520', 'dsw-igkv2011@ yahoo.com', NULL, 138, 30, NULL, NULL, NULL, NULL),
(356, 'डाॅ.एस.एस. राव', NULL, 'कृषक नगर आवासीय परिसर,इंदिरा गांधी कृषि विश्वविद्यालय, रायपुर 492012', NULL, '94255-25597', NULL, '0771-2970217', 'deanagriraipur@gmail.com', NULL, 139, 30, NULL, NULL, NULL, NULL),
(357, 'डाॅ. एम.पी.त्रिपाठी अधिष्ठाता', NULL, 'ग्रीन पैराडाईज, विशाल नगर,तेलीबांधा, रायपुर 492006', NULL, '98261-28564', NULL, '0771-2102575', 'svcaet.raipur@gmail.com', NULL, 140, 30, NULL, NULL, NULL, NULL),
(358, 'श्री के. डी. त्रिपाठी', 'राष्ट्रपति सचिवालय राष्ट्रपति भवन नई दिल्ली', 'बंगला न0. - 3, प्रेसिडेंट इस्टेट, मदर टेरेसा क्रिसेंट, नई दिल्ली-04', NULL, '23014005', '23013324, 23014930', '23017290 23017824', NULL, NULL, 141, 31, NULL, NULL, NULL, NULL),
(359, 'डाॅ0 आई. वी. सुब्बाराव ', 'उपराष्ट्रपति सचिवालय मौलाना आजाद रोड,नई दिल्ली', 'मकान न0 83,न्यू मोती बाग,नई दिल्ली-21', NULL, NULL, NULL, NULL, NULL, NULL, 142, 32, NULL, NULL, NULL, NULL),
(360, NULL, '', '', NULL, NULL, '23017210, 23012678', NULL, NULL, NULL, NULL, NULL, NULL, NULL, NULL, NULL),
(361, 'श्री अमृत कुमार खलखो', '', NULL, NULL, '94060-66660', NULL, '2331102', 'ps.rb.cg@nic.in', NULL, 143, 33, NULL, NULL, NULL, NULL),
(362, 'श्री राधाकिशन अग्रवाल', 'डी-2/24, आॅफिसर काॅलोनी, देवेन्द्र नगर, रायपुर', NULL, NULL, '98279-16969,\r\n2883605', NULL, '2883605', 'la.rb.cg@nic.in', NULL, 144, 33, NULL, NULL, NULL, NULL),
(363, 'श्रीमती रोक्तिमा यादव', 'सेक्टर 27, नवा रायपुर, अटल नगर', NULL, NULL, '94242-95162', NULL, '2331103', 'ds.rb.cg@nic.in', NULL, 145, 33, NULL, NULL, NULL, NULL),
(364, 'डाॅ. टी.के. वैष्णव', 'सीनियर एमआईजी 58, कबीर नगर, रायपुर', NULL, NULL, '94255-22778', NULL, '2331101', 'dscc.rb.cg@nic.in', NULL, 146, 33, NULL, NULL, NULL, NULL),
(365, 'श्री त्रिलोक बंसल (भा.पु.से.)', 'इंद्रावती खण्ड, राजभवन परिसर, रायपुर', NULL, NULL, '98271-36666', NULL, '2331100,2331105', 'adc.rb.cg@nic.in', NULL, 147, 33, NULL, NULL, NULL, NULL),
(366, 'मेजर सिद्धार्थ सिंह', 'इंद्रावती खण्ड, राजभवन परिसर, रायपुर', NULL, NULL, '94252-10480', NULL, '2331100,2331105', 'adc.rb.cg@nic.in', NULL, 147, 33, NULL, NULL, NULL, NULL),
(367, 'श्री आर.पी. पाण्डेय', 'एचआईजी-5, कबीर नगर, रायपुर', NULL, NULL, '9300201354', NULL, '2331101', 'us.rb.cg@nic.in', NULL, 148, 33, NULL, NULL, NULL, NULL),
(368, 'श्री मथुरा प्रसाद पटेल', 'सीनियर एमआईजी 41, कबीर नगर, रायपुर', NULL, NULL, '94060-87410', NULL, '2331101', 'us.rb.cg@nic.in', NULL, 148, 33, NULL, NULL, NULL, NULL),
(369, 'श्री हरवंश सिंह मिरी', 'सेक्टर 3, पाॅवर स्टेशन के पास, डीडी नगर, हाउसिंग बोर्ड काॅलोनी, रायपुर', NULL, NULL, '98261-20342', NULL, '2331101', 'com.rb.cg@nic.in', NULL, 149, 33, NULL, NULL, NULL, NULL),
(370, 'श्री संतोष सिंह', 'विजेता काम्पलेक्स, न्यू राजेन्द्र नगर, रायपुर', NULL, NULL, '94252-09167', NULL, '2331101', 'pro.rb.cg@nic.in', NULL, 150, 33, NULL, NULL, NULL, NULL),
(371, 'श्री ज्ञानेन्द्र अवस्थी', 'ई 2/2, कचना, रायपुर', NULL, NULL, '94255-13930', NULL, '2331101', 'cso.rb.cg@nic.in', NULL, 151, 33, NULL, NULL, NULL, NULL),
(372, 'श्री सतीश कुमार मनसागर', 'जी-4/209 कबीर नगर, रायपुर', NULL, NULL, '94077-12641', NULL, '2331101', 'ao.rb.cg@nic.in', NULL, 152, 33, NULL, NULL, NULL, NULL),
(373, 'डाॅ. रूपल पुरोहित', 'ई-2, राजभवन परिसर, रायपुर', NULL, NULL, '9425504447', NULL, '2331101', '', NULL, 153, 33, NULL, NULL, NULL, NULL),
(374, 'डाॅ. (श्रीमती) सुनीति मंगरूलकर', '11, न्यू पंचशील नगर, रायपुर', NULL, NULL, '98930-17113', NULL, '2331101', '', NULL, 154, 33, NULL, NULL, NULL, NULL),
(375, 'डाॅ. शिशिर कुमार साहू', 'सी-3, फेस 2, गैलेक्सी काॅलोनी, विधानसभा चैक, रायपुर', NULL, NULL, '9827915142', NULL, '2331101', '', NULL, 155, 33, NULL, NULL, NULL, NULL),
(376, 'श्रीमती जेम्मा तिर्की', 'एच-40, न्यू पेंशनबाड़ा, रायपुर', NULL, NULL, '90984.07556', NULL, '2331101', '', NULL, 156, 33, NULL, NULL, NULL, NULL),
(377, 'श्री मनोज कुमार मिश्रा', 'एचआईजी 224, विजेता काम्प्लेक्स, न्यू राजेन्द्र नगर, रायपुर', NULL, NULL, '9229966884', NULL, '2331101', '', NULL, 156, 33, NULL, NULL, NULL, NULL),
(378, 'श्री शैलेश कुमार टेम्भूर्णे', 'विकास विहार काॅलोनीए रूद्र चैकए महादेव घाट रोडए रायपुराए रायपुर', NULL, NULL, '9977421840', NULL, '2331101', '', NULL, 156, 33, NULL, NULL, NULL, NULL),
(379, 'श्री आर.पी. देवांगन', 'एफ-4, न्यू राजभवन काॅलोनी, रायपुर', NULL, NULL, '8959760950', NULL, '2331101', '', NULL, 157, 33, NULL, NULL, NULL, NULL),
(380, 'श्री राजेश कुमार चैधरी', 'एफ-1, सिंचाई काॅलोनी, कटोरा तालाब, रायपुर', NULL, NULL, '97533-18061,87705-10591', NULL, '2331181', 'psg.rb.cg@nic.in', NULL, 158, 33, NULL, NULL, NULL, NULL),
(381, 'श्री जितेंद्र कुमार सोलंकी', '', NULL, NULL, '93404-50558', NULL, '2331201', 'jitendraksolanki1963 @gmail.com', NULL, 159, 33, NULL, NULL, NULL, NULL),
(382, 'श्री अभिजीतकांत चैधरी', 'एफ-2, न्यू राजभवन काॅलोनी, रायपुर', NULL, NULL, '88895-59993', NULL, '2331101', '', NULL, 160, 33, NULL, NULL, NULL, NULL),
(383, 'श्री सचिन शर्मा', 'स्टेट बैंक काॅलोनी, सुंदर नगर, रायपुर', NULL, NULL, '94255-75262', NULL, '2331101', 'prcss.rb.cg@nic.in', NULL, 161, 33, NULL, NULL, NULL, NULL),
(384, 'डाॅ. चरणदास महंत माननीय', 'स्पीकर हाऊस, ए-1,सिविल लाईन, शंकर नगर, रायपुर', NULL, NULL, '2331028 2960399 9424201111', NULL, '2283611 2283612', NULL, NULL, 162, 34, NULL, NULL, NULL, NULL),
(385, 'श्री दिनेश कुमार शर्मा', '4 बी.एच.के.,फ्लैट नंबर- 301, व्ही आई. पी.करिश्मा अपार्टमेंट, फेस-3, शंकर नगर, रायपुर', NULL, NULL, '4904636,9827007898', NULL, '2284506,2960399', NULL, NULL, 165, 34, NULL, NULL, NULL, NULL),
(386, 'श्री मनोज सिंह मण्डावी ', 'बी-9,सिविल लाईन, शंकर नगर, रायपुर', NULL, NULL, '2421031,2421032,94242-88889,94061-66669', NULL, '2283617', NULL, NULL, 163, 34, NULL, NULL, NULL, NULL),
(387, 'श्री धरमलाल कौशिक', 'सी-1/8 एवं सी-1/10आनंद नगर, रायपुर, (छ.ग.)', NULL, NULL, '2331055,2960444,97559-00009', NULL, '2283624', NULL, NULL, 164, 34, NULL, NULL, NULL, NULL),
(388, 'श्री चन्द्र शेखर गंगराड़े', 'ई -1, विधान नगर आवासीय परिसर,रायपुर', NULL, '2283616 फै.2283615', '2283701\n94252-12044', 'ए-10', NULL, NULL, NULL, 166, 35, NULL, NULL, '2285700', NULL),
(389, 'श्री दिनेश शर्मा', '4 बी.एच.के.,फ्लैट नंबर- 301,  व्ही आई. पी.करिश्मा अपार्टमेंट, फेस-3शंकर नगर, रायपुर', NULL, '2284506, 2960399', '4904636, 98270-07898', 'बी-14', NULL, NULL, NULL, 167, 35, NULL, NULL, '2285715', NULL),
(390, 'डाॅं. आर.के. अग्रवाल', 'ए-14, सेक्टर-1,शंकर नगर,रायपुर', NULL, '2283688', '2429818, 94255-08820', 'बी -12', NULL, NULL, NULL, 168, 35, NULL, NULL, '2285711', NULL),
(391, 'श्री जी.एस.मूर्ति', 'एम.आई.जी.-20,सेक्टर 01,शंकर नगर, रायपुर', NULL, '2283709', '2331053, 94252-02043', 'बी- 13', NULL, NULL, NULL, 168, 35, NULL, NULL, '2285722', NULL),
(392, 'श्री ज्ञानेन्द्र उपाध्याय', 'एच.आई.जी.-101, विजेता काम्प्लेक्स,न्यू राजेन्द्र नगर,रायपुर', NULL, '', '96858-02990', 'ए-34', NULL, NULL, NULL, 169, 35, NULL, NULL, '2285770', NULL),
(393, 'श्री रामफल कंवर', 'एच.आई.जी.-307, विजेता काम्प्लेक्स,न्यू राजेन्द्र नगर,रायपुर', NULL, '2283771', '98939&32950', 'बी-15', NULL, NULL, NULL, 170, 35, NULL, NULL, '2285708', NULL),
(394, 'डाॅ.(श्रीमती)  विनीता बाजपेयी', 'एफ-6,विधान नगर आवासीय परिसर, रायपुर', NULL, '', '2284508', 'बी- 19', NULL, NULL, NULL, 170, 35, NULL, NULL, '2285758', NULL),
(395, 'श्री राजेन्द्र बोरकर', 'जी-7,ढेबर पिंक सिटी, गायत्री नगर, रायपुर', NULL, '', '94076&27187', 'बी- 44', NULL, NULL, NULL, 170, 35, NULL, NULL, '2285778', NULL),
(396, 'श्री देवेन्द्र शर्मा', 'मकान नं. 186,यूनीहोम रिंग रोड नं 1,भाठागांव चैक,रायपुर', NULL, '2285528', '98271&92681', 'बी- 20', NULL, NULL, NULL, 171, 35, NULL, NULL, '2285528', NULL),
(397, 'श्री गुरजीत सिंह सलूजा', 'श्री मनीष कुमार शर्माएफ-7,विधान नगर,आवासीय परिसर,रायपुर', NULL, '2283602', '98279-24828', 'ए-38', NULL, NULL, NULL, 172, 35, NULL, NULL, '2283602', NULL),
(398, 'श्री मनीष कुमार शर्मा', 'दधीची सदन,सी-2-42सेक्टर-7,न्यू राजेन्द्र नगर,रायपुर', NULL, '', '94062-00183', 'ए-23', NULL, NULL, NULL, 173, 35, NULL, NULL, '2285706', NULL),
(399, 'श्री सुरेन्द्र कुमार बाथम', 'एफ-10,विधान नगर,आवासीय परिसर,रायपुर', NULL, '', '81200-37425', 'बी-45', NULL, NULL, NULL, 174, 35, NULL, NULL, '2285677', NULL),
(400, 'श्री आशीष शुक्ला', 'जी-44,सिंचाई कालोनी,रायपुर', NULL, '', '98271-60755', 'ए-29', NULL, NULL, NULL, 174, 35, NULL, NULL, '2285673', NULL),
(401, 'श्रीमती मंगला श्रीवास्तव', 'एफ 3/4कचनाआर.डी.ए. कालोनी,रायपुर', NULL, '', '98271-85352', 'ए-34-बी', NULL, NULL, NULL, 174, 35, NULL, NULL, '2285675', NULL),
(402, 'श्री रविन्द्र सिंह', 'पीडब्ल्यू.डी. कालोनी,कटोरा तालाब,रायपुर', NULL, '', '94255-22569', 'ए-34-सी', NULL, NULL, NULL, 174, 35, NULL, NULL, '2285676', NULL),
(403, 'श्री दिनेश त्रिवेदी', 'विधान नगर आवासीय परिसर रायपुर', NULL, '', '99937-30041', 'ए-19', NULL, NULL, NULL, 174, 35, NULL, NULL, '2285671', NULL),
(404, 'श्री सुब्रमणियम मुदलियार', 'एफ-02, विधान नगर, आवासीय परिसर,रायपुर.', NULL, '', '94255-22569', 'ए-27', NULL, NULL, NULL, 174, 35, NULL, NULL, '2285676', NULL),
(405, 'श्री सुधीर शर्मा', 'ई-4, पेकज विक्रम अपार्टमेंट,रायुपर', NULL, '', '99937-30041', 'ए-28', NULL, NULL, NULL, 174, 35, NULL, NULL, '2285671', NULL),
(406, 'श्री सुनील भारद्वाज', '816,वीर सावरकर नगर, हीरापुर, ', NULL, '', '94255-13812', 'बी- 35', NULL, NULL, NULL, 174, 35, NULL, NULL, '', NULL),
(407, 'श्री कृष्ण बिहारी शुक्ल', 'एफ- 8,', NULL, '', '70008-91030', 'बी- 07', NULL, NULL, NULL, 174, 35, NULL, NULL, '2285678', NULL),
(408, 'श्री सुखदेव सिंह', 'विधान नगर, आवासीय परिसर, रायपुर', NULL, '', '91319-00319', 'बी- 39', NULL, NULL, NULL, 174, 35, NULL, NULL, '2285728', NULL),
(409, 'श्री जी सुब्रमणियम', 'फ्लैट नं.- एम.आई.जी. 403, ब्लाॅक- 3, चिल्फी हाईट्स, भावना नगर, रायपुर', NULL, '', '96699&56228', 'बी- 18', NULL, NULL, NULL, 175, 35, NULL, NULL, '2285731', NULL),
(410, 'श्री अजय तिवारी', 'ई-3,विधान नगर,आवासीय परिसर,रायपुर', NULL, '', '74156&41774', 'बी-43(ए)', NULL, NULL, NULL, 176, 35, NULL, NULL, '2285772', NULL),
(411, 'श्री ज्ञान प्रकाश', 'सीनियर न्यू राजेन्द्र नगर,रायपुर', NULL, '', '98263-90905', 'ए-33', NULL, NULL, NULL, 177, 35, NULL, NULL, '2285685', NULL),
(412, 'श्री शंकरलाल देवांगन', 'विधान नगर,आवासीय परिसर,रायपुर', NULL, '', '94242-15764', 'ए-25', NULL, NULL, NULL, 178, 35, NULL, NULL, '2285685', NULL),
(413, 'श्री आशुतोष यादव', 'एफ-36, राजधानी बिहार, सड्डू, रायपुर', NULL, '', '98271&94903', 'ए-30', NULL, NULL, NULL, 179, 35, NULL, NULL, '2285674', NULL),
(414, 'श्री मनीष कुमार तिवारी ', 'जी- 5, पंकज विक्रम अपार्टमंेट, शैलेंद्र नगर, रायपुर', NULL, '', '94241-72792', 'बी- 37', NULL, NULL, NULL, 180, 35, NULL, NULL, '2285690', NULL),
(415, 'श्री सुभाष डोबले ', 'एफ- 4, विधान नगर, आवासीय परिसर, रायपुर', NULL, '', '94255-08825', 'ए- 10', NULL, NULL, NULL, 181, 35, NULL, NULL, '2285702', NULL),
(416, 'श्रीमती फूलबाई महंत ', 'एफ- 5, पंचशील नगर, सिविल लाईन, रायपुर', NULL, '', '99070-41245', 'बी -40', NULL, NULL, NULL, 182, 35, NULL, NULL, '2285773', NULL),
(417, 'श्री भूपेश बघेल', 'मुख्यमंत्री निवास, सिविल लाईन, रायपुर,', NULL, 'एम-05/8', '2331000 2331001\n2443399\n2331000(F)', '2221000,\n2221001', NULL, 'cmcg@nic.in', NULL, 183, 36, NULL, NULL, NULL, NULL),
(418, 'श्री सुब्रत साहू', 'डी-1/5, आॅफिसर्स काॅलोनी, देवेन्द्र नगर रायपुर  ', NULL, 'एम-05/11', '78984-50000', '2221311,\n2510793', NULL, 'homedept.cg@gmail.com', NULL, 184, 36, NULL, NULL, NULL, NULL),
(419, 'श्री सिद्धार्थ कोमलसिंह परदेशी', 'ई-2/34, आॅफिसर्स काॅलोनी, देवेन्द्र नगर रायपुर  ', NULL, 'एस-02/10', '94252-54525', ' 2510254\n 2221254', NULL, 'pskomal03@ias.nic.in\nsecy.pwd-cg@gov.in', NULL, 185, 36, NULL, NULL, NULL, NULL),
(420, 'श्री तारन प्रकाश सिन्हा', 'डी-5, सिविल लाईन्स, रायपुर ', NULL, 'एम-05/25	', '94252-50060', '2510496,        2535434', NULL, 'taran.sinha@gov.in', NULL, 186, 36, NULL, NULL, NULL, NULL),
(421, 'सुश्री सौम्या चैरसिया', 'ए/21, एम.जे. काॅलेज के सामने सूर्या रेसिडेन्सी, कोहका, भिलाई, जिला दुर्ग   ', NULL, 'एम-05/07', '94241-70640', '2510307', NULL, 'saumyachaurasiadscmo@gmail.com', NULL, 187, 36, NULL, NULL, NULL, NULL),
(422, 'श्री प्रदीप शर्मा', 'ई-2/11, ऑफिसर्स कॉलोनी, देवेन्द्र नगर, रायपुर ', NULL, 'योजना भवन, नार्थ ब्लाॅक, सेक्टर-19, नवा रायपुर अटल नगर', '99936-24741', '2511229', NULL, 'seva.service@gmail.com , pks.advisorhcm@gmail.com', NULL, 188, 36, NULL, NULL, NULL, NULL),
(423, 'श्री विनोद वर्मा', 'डी-1/20, आॅफिसर्स काॅलोनी, देवेन्द्र नगर, रायपुर  ', NULL, '4th फ्लोर, स्टेट डाटा सेंटर बिल्डिंग, सिविल लाईन रायपुर', '74411-44110', '2434800', NULL, 'verma.vinod@gmail.com', NULL, 189, 36, NULL, NULL, NULL, NULL),
(424, 'श्री रूचिर गर्ग', 'एल-25, कृष्णा नगर, डंगनिया, रायपुर ', NULL, '', '94252-07359', '', NULL, ' ruchir.journalist@gmail.com', NULL, 190, 36, NULL, NULL, NULL, NULL),
(425, 'श्री राजेश तिवारी', 'डी-1/08, आॅफिसर्स काॅलोनी, देवेन्द्र नगर, रायपुर ', NULL, '', '94252-59577, 70009-21400', '', NULL, 'tiwarikanker@gmail.com', NULL, 191, 36, NULL, NULL, NULL, NULL),
(426, 'श्री उमेश मिश्र', 'नयापारा, फूलचैक, रायपुर, ', NULL, 'एम-05/06', '98936-24511', '2510728,  2512588', NULL, 'mishraumesh.ryp@gmail.com', NULL, 186, 36, NULL, NULL, NULL, NULL),
(427, 'श्री अरूण कुमार मरकाम', 'ई-1, सिंचाई काॅलोनी, पंचशील नगर, रायपुर ', NULL, 'एम-05/28', '94079-75895\n70004-20921', '2331001, 2331000 Fax', NULL, 'akmaao@gmail.com', NULL, 192, 36, NULL, NULL, NULL, NULL),
(428, 'श्री आशीष वर्मा', 'ग्राम देमार, तहसील पाटन, जिला दुर्ग 491111  ', NULL, 'मुख्यमंत्री केम्प कार्यालय, भिलाई-03, जिला-दुर्ग', '94062-68222\n98936-47550', '97708-25551', NULL, 'ashishverma84701@gmail.com', NULL, 192, 36, NULL, NULL, NULL, NULL),
(429, 'श्री चिन्मय वर्मा', 'म.नं. 875 श्रीराम निवास, बैजनाथ पारा, रायपुर  ', NULL, 'एम-05/28	', '98271-67304', '2331001        2331000(F)', NULL, 'vermachinmay23@gmail.com', NULL, 192, 36, NULL, NULL, NULL, NULL),
(430, 'श्री चेतन बोरघरिया', 'ई-2/13, आफिसर्स कॉलोनी, देवेन्द्र नगर     ', NULL, 'मुख्यमंत्री निवास कार्यालय', '81208-55888', '2331001        2331000(F)', NULL, 'borghariya@gmail.com', NULL, 192, 36, NULL, NULL, NULL, NULL),
(431, 'श्री शंकर शाह कुंजाम', '408 श्वेत हंस परिसर दीनदयाल उपाध्याय नगर रायपुर ', NULL, 'मुख्यमंत्री निवास कार्यालय', '98261-49014', '2331001        2331000(F)', NULL, 'sskunjam@gmail.com', NULL, 192, 36, NULL, NULL, NULL, NULL),
(432, 'डाॅ. सूरज कुमार कश्यप', 'पंचशील नगर, रायपुर  ', NULL, 'मुख्यमंत्री निवास कार्यालय', '93999-73035', '2331001        2331000(F)', NULL, '', NULL, 192, 36, NULL, NULL, NULL, NULL),
(433, 'श्री देवेन्द्र कुमार प्रधान', 'एफ-5/3, कचना, रायपुर  ', NULL, 'मुख्यमंत्री निवास कार्यालय', '62603-60570\n94255-24931', '2331001        2331000(F)', NULL, 'dev_sonu869@yahoo.co.in', NULL, 192, 36, NULL, NULL, NULL, NULL),
(434, 'श्री तीरथ प्रसाद लड़िया', 'ढेबर सिटी के पास, अवधपुरी, भाठागांव, रायपुर                                         ', NULL, 'एम-5/03', '94060-28919', '2510250', NULL, '', NULL, 187, 36, NULL, NULL, NULL, NULL),
(435, 'श्री के.के. गौतम  ', 'जी-06/213, जीएडी काॅम्प्लेक्स, कबीर नगर, रायपुर  ', NULL, 'एम-5/01', '', '', NULL, '', NULL, 193, 36, NULL, NULL, NULL, NULL),
(436, 'श्री टी.एस.सिंहदेव\n ', 'डी-08 सिविल लाईन रायपुर, छत्तीसगढ़ई-मेल', NULL, 'एम-4-9मंत्रालय महानदी भवन, नवा रायपुर अटल नगर', '2331012\n2331013फै.', 'दूरभाष नम्बर 2221318 2510319 फै', NULL, 'tssinghdeominister@gmail.com', NULL, 194, 37, NULL, NULL, NULL, '2283696'),
(437, 'श्री ताम्रध्वज साहू', 'सी-3, सिविल लाईन, रायपुर  ', NULL, 'एम 3-8, 9, 10, 11, 12', '2445153\n2445561\n2432888', '2221226, 2510226', NULL, 'cghomeminister @gmail.com', NULL, 195, 37, NULL, NULL, NULL, '2283626'),
(438, 'मान. श्री रविन्द्र चैबे', 'सी-4, शंकरनगर, सिविल लाइन रायपुर (छ.ग.)', NULL, 'एम-3-01, 02, 03,04,05', '2331020\n2331021\n2445836 फै.   \n94252-34400', '0771-2221223,0771&2221223', NULL, 'ravindrachoubeycg@gmail.com', NULL, 196, 37, NULL, NULL, NULL, '2284002'),
(439, 'डाॅ0 प्रेमसाय सिंह टेकाम', 'डी-7, 8, शंकर नगर, सिविल लाईन, रायपुर  ', NULL, 'एम-4-01-05', '2331031,\nफै.\n2331029', '2510904, 2221104', NULL, 'cgeducationminister@gmail.com', NULL, 197, 37, NULL, NULL, NULL, '2284507'),
(440, 'श्री मोहम्मद अकबर,', 'बी-5/10, शंकर नगर, रायपुर ', NULL, 'एम 3-13,14,15,16,17', '2331326\n2331426\n2960366', '2510321 2221321', NULL, '', NULL, 198, 37, NULL, NULL, NULL, '2283679'),
(441, 'श्री कवासी लखमा जी ', 'सी-5 शांति नगर, रायपुर (छत्तीसगढ़) पुराना आई.जी. बंगला शंकर नगर रायपुर, छत्तीसगढ़', NULL, 'एम-4-13,14,15,16,17', '0771-2331198\n0771- 2331199', '0771-2510907\n0771-2221349', NULL, '', NULL, 199, 37, NULL, NULL, NULL, ''),
(442, 'डाॅ. शिवकुमार डहरिया', 'सी-2, शंकर नगर, सिविल लाईन, रायपुर, छत्तीसगढ़-492007', NULL, 'एम-1-01, प्रथम तल, मंत्रालय, महानदी भवन, नवा रायपुर अटल नगर', '2436444\n2436555', '2221248', NULL, 'drshiv1812@gmail.com', NULL, 200, 37, NULL, NULL, NULL, '2283683'),
(443, 'श्री जयसिंह अग्रवाल', 'बी-5/9, पुराना आई जी बंग्ला, शंकर नगर रायपुर', NULL, 'एम-2-08, 09, 10, 11', '2431444,\nफैक्स-4920377', '2221109\nफैक्स-2510539\nमोबईल-94252-2', NULL, '', NULL, 201, 37, NULL, NULL, NULL, '2283661'),
(444, 'श्री गुरू रूद्र कुमार', 'बी-5/5 ‘‘सतनाम सदन’’  जेल रोड, वन कालोनी, रायपुर', NULL, 'एम-2/13', '0771-2420707\n0771-2434455', '98261- 93254', NULL, '', NULL, 202, 37, NULL, NULL, NULL, '0771-2510906\n0771-2221106'),
(445, 'श्री राजीव कुमार', NULL, 'टाईप-VI/1, महालेखाकार आवासीय परिसर, जीरों प्वाईंट, बलौदा बाजार मार्ग', NULL, NULL, NULL, '2282607', 'kumarRajiv@cag.gov.in', NULL, 203, 38, NULL, NULL, NULL, NULL),
(446, 'श्री एस. के. त्रिपाठी', 'गली न. 08 न्यू शान्ती नगर, रायपुर', NULL, NULL, '2444411, 94241-94650\r\n\r\n\r\n\r\n', '2236591, 2237933', NULL, 'sktripathijudge@gmail.com', NULL, 204, 39, NULL, NULL, NULL, NULL),
(447, 'मान. श्री. सी. के. खेतान', NULL, NULL, NULL, '96300-30405 \r\n', 'बिलासपुर 07752-250356  रायपुर 0771-2427720 फैक्स', NULL, 'ck.khaitan@gmail.com\r\n\r\n', NULL, 205, 40, NULL, NULL, NULL, NULL),
(448, 'श्री ओ. पी. सिंह ', 'द्वारा श्री आर. के. अनन्त, \r\nम.न. 522/2 अयोध्या नगर \r\nबिलासपुर\r\n', NULL, NULL, '88898-10284', 'बिलासपुर \r\n07752-25035\r\nरायपुर\r\n0771-2427720 फैक्स\r\n', NULL, 'omprakashsinghop60@gmail.com\r\n', NULL, 206, 40, NULL, NULL, NULL, NULL),
(449, 'श्री भास्कर सिंह मरकाम ', 'जरहाभाठा, बिलासपुर\r\n', NULL, NULL, '94241-67871', 'बिलासपुर \r\n07752-250358\r\nरायपुर 0771-2427720 फैक्स \r\n', NULL, 'bsmark13@gmail.com\r\n', NULL, 207, 40, NULL, NULL, NULL, NULL),
(450, 'श्री राजीव गौबा', '12,मदर टेरेसा क्रिसेंट रोड, नई दिल्ली ', NULL, 'राष्ट्रपति भवन, नई दिल्ली ', '23011863', '23016696 ,23011240', NULL, NULL, NULL, 208, 41, NULL, NULL, NULL, NULL),
(451, 'श्री राजेश भूषण', '1/2 ,सी-ब्लॉक, टाईप 6 , सेक्टर 13 , आर.के.पुरम, नई दिल्ली ', NULL, 'राष्ट्रपति भवन, नई दिल्ली ', '268716655', '23017075 ,23018949', NULL, NULL, NULL, 209, 41, NULL, NULL, NULL, NULL),
(452, 'श्री राजेश भूषण', '1/2 ,सी-ब्लॉक, टाईप 6 , सेक्टर 13 , आर.के.पुरम, नई दिल्ली ', NULL, 'नार्थ ब्लॉक, नई दिल्ली', '26871655', '23094382', NULL, NULL, NULL, 210, 41, NULL, NULL, NULL, NULL),
(453, NULL, '-', NULL, NULL, '-', '-', NULL, NULL, NULL, 211, 42, NULL, 'रायपुर ', NULL, NULL),
(454, NULL, '-', NULL, NULL, '-', '07723-223736', NULL, NULL, NULL, 211, 42, NULL, 'महासमुंद ', NULL, NULL),
(455, NULL, '-', NULL, NULL, '-', '07722-232560', NULL, NULL, NULL, 211, 42, NULL, 'धमतरी', NULL, NULL),
(456, NULL, '-', NULL, NULL, '-', '0784-4090610', NULL, NULL, NULL, 211, 42, NULL, 'दुर्ग ', NULL, NULL),
(457, NULL, '-', NULL, NULL, '-', '07744-407084', NULL, NULL, NULL, 211, 42, NULL, 'राजनांदगांव ', NULL, NULL),
(458, NULL, '-', NULL, NULL, '-', '07741-232894', NULL, NULL, NULL, 211, 42, NULL, 'कबीरधाम ', NULL, NULL),
(459, NULL, '-', NULL, NULL, '-', '-', NULL, NULL, NULL, 211, 42, NULL, 'बस्तर ', NULL, NULL),
(460, NULL, '-', NULL, NULL, '-', '-', NULL, NULL, NULL, 211, 42, NULL, 'दंतेवाडा ', NULL, NULL),
(461, NULL, '-', NULL, NULL, '-', '07868-223483', NULL, NULL, NULL, 211, 42, NULL, 'कांकेर ', NULL, NULL),
(462, NULL, '-', NULL, NULL, '-', '07752-230467', NULL, NULL, NULL, 211, 42, NULL, 'बिलासपुर ', NULL, NULL),
(463, NULL, '-', NULL, NULL, '-', '07759-226438', NULL, NULL, NULL, 211, 42, NULL, 'कोरबा ', NULL, NULL),
(464, NULL, '-', NULL, NULL, '-', '07817-222997', NULL, NULL, NULL, 211, 42, NULL, 'जांजगीर-चापा ', NULL, NULL),
(465, NULL, '-', NULL, NULL, '-', '-', NULL, NULL, NULL, 211, 42, NULL, 'रायगढ़ ', NULL, NULL),
(466, NULL, '-', NULL, NULL, '-', '07763-223633', NULL, NULL, NULL, 211, 42, NULL, 'जशपुर ', NULL, NULL),
(467, NULL, '-', NULL, NULL, '-', '07774-220679', NULL, NULL, NULL, 211, 42, NULL, 'सरगुजा ', NULL, NULL),
(468, NULL, '-', NULL, NULL, '-', '-', NULL, NULL, NULL, 211, 42, NULL, 'कोरिया ', NULL, NULL),
(469, NULL, '-', NULL, NULL, '-', '07781-252288', NULL, NULL, NULL, 211, 42, NULL, 'नारायणपुर ', NULL, NULL),
(470, NULL, '-', NULL, NULL, '-', '-', NULL, NULL, NULL, 211, 42, NULL, 'बीजापुर ', NULL, NULL),
(471, NULL, '-', NULL, NULL, '-', '07727-223676', NULL, NULL, NULL, 211, 42, NULL, 'बलोदा बाजार  ', NULL, NULL),
(472, NULL, '-', NULL, NULL, '-', '07706-241590', NULL, NULL, NULL, 211, 42, NULL, 'गरियाबंद ', NULL, NULL),
(473, NULL, '-', NULL, NULL, '-', '-', NULL, NULL, NULL, 211, 42, NULL, 'बेमेतरा ', NULL, NULL),
(474, NULL, '-', NULL, NULL, '-', '07749-223932', NULL, NULL, NULL, 211, 42, NULL, 'बालोद', NULL, NULL),
(475, NULL, '-', NULL, NULL, '-', '-', NULL, NULL, NULL, 211, 42, NULL, 'मुंगेली', NULL, NULL),
(476, NULL, '-', NULL, NULL, '-', '-', NULL, NULL, NULL, 211, 42, NULL, 'कोंडागांव', NULL, NULL),
(477, NULL, '-', NULL, NULL, '-', '-', NULL, NULL, NULL, 211, 42, NULL, 'सुकमा ', NULL, NULL),
(478, NULL, '-', NULL, NULL, '-', '-', NULL, NULL, NULL, 211, 42, NULL, 'सूरजपुर', NULL, NULL),
(479, NULL, '-', NULL, NULL, '-', '-', NULL, NULL, NULL, 211, 42, NULL, 'सूरजपुर', NULL, NULL),
(480, NULL, '-', NULL, NULL, '-', '-', NULL, NULL, NULL, 211, 42, NULL, 'बलरामपुर', NULL, NULL),
(481, 'श्री दिलीप वासनीकर', NULL, 'ए/22 बजाज कालोनी सेक्टर-1, न्यू राजेन्द्र नगर, रायपुर', NULL, '94252-44450', '2224051/2221024', NULL, '', NULL, 212, 43, NULL, NULL, NULL, NULL),
(482, 'श्री राकेश पुराम', NULL, 'डी-1, पंचशील नगर, रायपुर', NULL, '2423980/94060-87000', '2445693', NULL, '', NULL, 213, 43, NULL, NULL, NULL, NULL),
(483, 'माननीय न्यायमूर्ति श्री टी.पी.शर्मा', NULL, 'प्रमुख लोका“नील बसंत“ प्लाॅट नं. 20 केनाल रोड़ न्यू रविनगर, रायपुरयुक्त, विशेष अन्वेषण स्थापना	', NULL, '2960077', '2221826', NULL, '', NULL, 214, 43, NULL, NULL, NULL, NULL),
(484, 'श्री आरिफ एच. शेख ', NULL, 'सी-2, जीएडी कालोनी, कचना, रायपुर', NULL, '73540-55999', '2285002 ,2445201', NULL, 'eow.cg@.gov.in', NULL, 215, 43, NULL, NULL, NULL, NULL),
(485, 'श्री डी.एम. अवस्थी,', NULL, 'एफ-1, पीएचई कालोनी, सिविल लाईन, रायपुर', NULL, '2331235/94252-02699', '2221100/2211201', NULL, 'dgp-phq.cg@gov.in', NULL, 216, 43, NULL, NULL, NULL, NULL),
(486, 'श्री आर.के. विज,', NULL, 'सी-2/18, आफिसर्स काॅलोनी, शांति नगर,  रायपुर', NULL, '4000700/94791-90001', '2431210/2511603', NULL, 'adgpolice88@gmail.com', NULL, 217, 43, NULL, NULL, NULL, NULL),
(487, 'श्री प्रदीप गुप्ता, ', NULL, 'सी-1/1, आफिसर्स कालोनी, देवेन्द्र नगर, रायपुर', NULL, '2960475/94791-90010', '2511601', NULL, 'pradeepgupta.ips@gov.in', NULL, 218, 43, NULL, NULL, NULL, NULL),
(488, 'श्री अशोक जुनेजा, ', NULL, 'बंगला नं0-सी-2/19, आनंद नगर, रायपुर', NULL, '2331216/94791-90444', '2285150', NULL, 'adgptrg18@gmail.com', NULL, 219, 43, NULL, NULL, NULL, NULL),
(489, 'श्री एस.आर.पी. कल्लुरी', NULL, 'ई-5, आफिसर्स कालोनी, बाटल हाऊस के पास, शंकर नगर, रायपुर', NULL, '', '2226022', NULL, '', NULL, 220, 43, NULL, NULL, NULL, NULL),
(490, 'श्री जी.पी. सिंह', NULL, 'ई-1, नेशनल हाईवे कालोनी, पेंशनबाड़ा रायपुर', NULL, '4088854/95899-89999', '9526050/2526051', NULL, 'dir.policeacademy.cg@gov.in', NULL, 221, 43, NULL, NULL, NULL, NULL),
(491, 'श्री हिमांशु गुप्ता', NULL, 'सी-1/6 आफिसर्स कालोनी, देवेन्द्र नगर, रायपुर', NULL, '87705-01958', '', NULL, 'himanshuguptapolice4@gmail.com', NULL, 222, 43, NULL, NULL, NULL, NULL),
(492, 'श्री अरूण देव गैतम  ', NULL, 'सीनियर  एम.आई.जी. क्वाटर न0 436 सेक्टर 29 नवा रायपुर', NULL, '94791-90009/94255-35559', '2512306/2512307', NULL, 'dgrai.hgcd –cg@gov.in  ', NULL, 223, 43, NULL, NULL, NULL, NULL),
(493, 'श्री प्रदीप गुप्ता,', NULL, 'आफिसर्स कालोनी, देवेन्द्र नगर, रायपुर', NULL, '2960475', '4069791', NULL, 'sfsl@cg.gov.in ', NULL, 224, 43, NULL, NULL, NULL, NULL),
(494, 'श्री जागेश्वर कुमार कौशल ', NULL, 'रहेजा ग्रीन्स हर्ष पेट्रोल पम्प के पास रिंग रोड नं. 3 पिरदा रायपुर ', NULL, '91659-89716', '2510251', NULL, '', NULL, 225, 43, NULL, NULL, NULL, NULL),
(495, 'श्री राजेश सोमवंशी', NULL, 'देशबंधु स्कूल के पास गंजपारा रायपुर ', NULL, '94255-22630', '2510743', NULL, '', NULL, 226, 43, NULL, NULL, NULL, NULL),
(496, 'श्री राजेन्द्र कुमार मालवीय, ', NULL, 'गोल चैक, डी.डी. नगर, रायपुर अधीक्षक स्टेट गैरेज', NULL, '97537-81502', '4048829', NULL, '', NULL, 227, 43, NULL, NULL, NULL, NULL),
(497, 'एयर कमोडोर ए.एन. कुलकर्णी, ', NULL, 'फलैट नं 609, जी टी एक्सोटिका (रायल) टी वी टावर के सामने, शंकर नगर,रायपुर (छ.ग.)-492001', NULL, '4901929/94255-38488', '2445165', NULL, 'dirsw.cg@gmail.com', NULL, 228, 43, NULL, NULL, NULL, NULL),
(498, 'श्री संजय पिल्ले', NULL, 'डी-2/37, आफिसर्स काॅलोनी, देवेन्द्र नगर, रायपुर', NULL, '2889002/94252-09002', '2331702', NULL, '', NULL, 229, 43, NULL, NULL, NULL, NULL),
(499, 'श्री नीलकंठ टीकाम,', NULL, 'D2-18, सेक्टर-17, नवा रायपुर, अटल नगर ', NULL, '', '', NULL, '', NULL, 230, 43, NULL, NULL, NULL, NULL),
(500, 'श्री अनुराग पाण्डेय, ', NULL, 'डी-1/12, आॅफिसर्स काॅलोनी, देवेन्द्र नगर, रायपुर ', NULL, '98271-68500', '2253808', NULL, 'ifacg.cg@nic.in', NULL, 231, 43, NULL, NULL, NULL, NULL),
(501, 'श्रीमती शारदा वर्मा,', NULL, 'एच.डी.डी. 70 फेज-प्प्, कबीर नगर, रायपुर (छत्तीसगढ़)', NULL, '94255-36384', '2510480', NULL, '', NULL, 232, 43, NULL, NULL, NULL, NULL),
(502, 'श्री प्रभात मलिक,', NULL, 'डी-1/28, शंकर नगर, रायपुर,', NULL, '88602-85591', '2510840', NULL, 'dif.cg@gov.in', NULL, 233, 43, NULL, NULL, NULL, NULL),
(503, 'श्रीमती रानू साहू', NULL, 'डी-2/29, आफिसर्स काॅलोनी, देवेन्द्र नगर, रायपुर ', NULL, '83493-12344', '2512666', NULL, '', NULL, 234, 43, NULL, NULL, NULL, NULL),
(504, 'श्री निरंजन दास', NULL, 'डी-1-16, आफिसर्स कालोनी, देवेन्द्र नगर रायपुर', NULL, '94252-11004', '2512612', NULL, 'niranjandasias@gmail.com', NULL, 235, 43, NULL, NULL, NULL, NULL),
(505, 'श्री धर्मेश साहू ', NULL, 'ई-2-25,आफिसर्स काॅलोनी, देवेन्द्र नगर रायपुर  ', NULL, '75871-51099', '2012180', NULL, 'igreg.cg@nic.in', NULL, 236, 43, NULL, NULL, NULL, NULL),
(506, 'श्री टी.आर.पैकरा ', NULL, 'एच नं. 14/32 बंगला, भिलाई, जिला - दुर्ग, छ0ग0', NULL, '94252-42777', '2582799/2582088', NULL, '', NULL, 237, 43, NULL, NULL, NULL, NULL),
(507, 'श्री अनिल टुटेजा', NULL, 'श्री अनिल टुटेजा, फरिस्ता नर्सिंग होम के पास,रायपुर', NULL, '79741-88790', '2583855', NULL, 'dtic-directorate.cg@gov.in', NULL, 238, 43, NULL, NULL, NULL, NULL),
(508, 'श्री हिम शिखर गुप्ता,', NULL, 'डी-1/10, आफिसर्स कालोनी, देवेन्द्र नगर, रायपुर,', NULL, '9407607492', '2282549', NULL, 'rfs.cg.@gov.in', NULL, 239, 43, NULL, NULL, NULL, NULL),
(509, 'श्री गुंजन शुक्ला', NULL, 'प्लांट नं.-175, शशि सदन यूनीहोम्स सोसाइटी, भाठागांव, चैक बड़ी पानी टंकी के पास रायपुर', NULL, '94241-44267', '2227798', NULL, 'gunjan120@rediffmail.com', NULL, 240, 43, NULL, NULL, NULL, NULL),
(510, 'श्री अमृत कुमार खलखो', NULL, 'मकान नं0-राज, 240 तालपुरी इन्टरनेशन कालोनी, ए-ब्लाक, रूआबांधा, भिलाई छ.ग.', NULL, '94060-66660', '2512345/2412350', NULL, '', NULL, 241, 43, NULL, NULL, NULL, NULL),
(511, 'डा. एम.गीता', NULL, 'डी 2-36 आफिसर्स कालोनी देवेन्द्र नगर रायपुर ', NULL, '2886666', '2510962', NULL, 'acs-agri.cg@gov.in', NULL, 242, 43, NULL, NULL, NULL, NULL),
(512, 'श्री जी.के.निर्माम', NULL, 'कृषक नगर, जोरा, रायपुर(छ.ग.)', NULL, '98262-40801', '0771-2443982/0771-2443981', NULL, 'dir.sameti-cg@gov.in\ndirectorsameticg@gmail.com', NULL, 243, 43, NULL, NULL, NULL, NULL),
(513, 'श्री माथेश्वरन वी. ', NULL, 'डी-13, सेक्टर-17, नवा रायपुर अटल नगर ', NULL, '91111-63872', '2433001	', NULL, 'dir.horti-cg@gov.in', NULL, 244, 43, NULL, NULL, NULL, NULL),
(514, 'श्री हिमशिखर गुप्ता', NULL, 'बी-10, आफिसर्स कालोनी, देवेन्द्र नगर, रायपुर', NULL, '94076-07492', '2511920', NULL, 'rcs.coop@gov.in', NULL, 245, 43, NULL, NULL, NULL, NULL),
(515, 'श्रीमती अलरमेलमंगई ', NULL, 'सी-7, आफिसर्स कालोनी, देवेन्द्र नगर, रायपुर', NULL, '94255-32380', '2510090/2533054', NULL, '', NULL, 246, 43, NULL, NULL, NULL, NULL),
(516, 'श्री सौमिल रंजन चैबे ', NULL, 'डी-2-39 आफीसर कालोनी, देवेन्द्र नगर, रायपुर', NULL, '99931-09999', '2222401', NULL, '', NULL, 247, 43, NULL, NULL, NULL, NULL),
(517, 'श्री मोहम्मद कैसर अब्दुल हक ', NULL, 'डी-1, जी.ए.डी. कालोनी, कचना, रायपुर,', NULL, '94070-42078', '2331659/2510025', NULL, '', NULL, 248, 43, NULL, NULL, NULL, NULL),
(518, 'श्री प्रसन्ना आर,', NULL, 'डी-1/11, आफिसर्स कालोनी, देवेन्द्र नगर, रायपुर ', NULL, '94061-00100', '2510195', NULL, 'rprasanaias@gmail.com', NULL, 249, 43, NULL, NULL, NULL, NULL),
(519, 'श्री मोहम्मद कैसर अब्दुल हक', NULL, '5डी, जी.ए.डी. काॅलोनी, कचना, रायपुर, छ.ग. ', NULL, '94070-42078', '2511585', NULL, '', NULL, 250, 43, NULL, NULL, NULL, NULL),
(520, 'श्री आलोक कटियार', NULL, '', NULL, '94252-15676', '2424275', NULL, 'cg-itno@nic.in', NULL, 251, 43, NULL, NULL, NULL, NULL),
(521, 'श्री धर्मेश कुमार साहू', NULL, 'ई-2/25, आफिसर्स काॅलोनी, देवेन्द्र नगर, रायपुर', NULL, '75871-51011', '4266293', NULL, 'igreg.cg@nic.in', NULL, 252, 43, NULL, NULL, NULL, NULL),
(522, 'श्री पी.सी.मिश्रा', NULL, '', NULL, '94255-15794	', '2473204', NULL, '', NULL, 253, 43, NULL, NULL, NULL, NULL),
(523, 'श्री अजय अग्रवाल,', NULL, 'जय अग्रवाल ब्ध्व  सेठ बसंत लाल मार्ग, अंबिकापुर, सरगुजा ', NULL, '98261-11649', '', NULL, 'agrawalajay56@gmail.com', NULL, 254, 43, NULL, NULL, NULL, NULL),
(524, 'श्री मोहम्मद कैसर अब्दुल हक', NULL, '5डी, जी.ए.डी. काॅलोनी, कचना, रायपुर', NULL, '94070-42078', '2331659/2510025', NULL, '', NULL, 255, 43, NULL, NULL, NULL, NULL),
(525, 'श्रीमती शिखा राजपूत तिवारी', NULL, 'मकान नं. 63 अमलीडीह, रायपुर ', NULL, '9406230031	', '0771-2331317', NULL, '', NULL, 256, 43, NULL, NULL, NULL, NULL),
(526, 'श्री अभिनव अग्रवाल  ', NULL, 'सी-23, अशोका रतन काॅलोनी के पास, व्ही.आई.पी. इस्टेट, शंकर नगर, रायपुर ', NULL, '99874-40059', '2511974', NULL, '', NULL, 257, 43, NULL, NULL, NULL, NULL),
(527, 'श्रीमति शिखा राजपुत तिवारी', NULL, 'मकान नंबर 63, अमलीडीह, रायपुर', NULL, '94062-30031', '2511727', NULL, 'clm.cg@nic.in', NULL, 258, 43, NULL, NULL, NULL, NULL),
(528, 'श्री जयंत पवार,', NULL, '', NULL, '94255.4252', '2512951 ,2512961/2512952', NULL, 'enc@cgwrd.in', NULL, 259, 43, NULL, NULL, NULL, NULL),
(529, 'श्री विवेक आचार्य', NULL, 'P3 C- 150, सेक्टर - 27', NULL, '94077-69734', '2537404/0771-2221008', NULL, 'deptt.culture@gmail.com', NULL, 260, 43, NULL, NULL, NULL, NULL),
(530, 'सुश्री शारदा वर्मा ', NULL, '	एच.डी.डी. कबीर नगर, रायपुर', NULL, '94255-36384', '2263412', NULL, '', NULL, 261, 43, NULL, NULL, NULL, NULL);
INSERT INTO `contact_details` (`id`, `name`, `home_address`, `office_address`, `siting_address`, `cont_personal_no`, `cont_office_no`, `cont_fax`, `cont_email`, `constituency`, `designation_id`, `department_id`, `nigam_city`, `district`, `pbx`, `vidhansabha_contact`) VALUES
(531, 'श्री अवनीश कुमार शरण,', NULL, 'संचालक	प्लाट नं. 150, लासविस्टा, अमलीडीह, रायपुर', NULL, '85188-88442 ,94791-18118', '2331331', NULL, 'dte.raipur.cg@gmail.com', NULL, 262, 43, NULL, NULL, NULL, NULL),
(532, 'श्री अवनीश कुमार शरण,', NULL, 'प्लाट नं. 150, लासविस्टा, अमलीडीह, रायपुर', NULL, '85188-88442 ,94791-18118', '2331331', NULL, 'dte.raipur.cg@gmail.com', NULL, 263, 43, NULL, NULL, NULL, NULL),
(533, 'श्री नीलम नामदेव एक्का, ', NULL, 'मकान नम्बर-डी-1-6, सेक्टर-17, अटल नगर, रायपुर', NULL, '94252-51733,77460-51733', '2221259', NULL, 'nnekka69@gmail.com', NULL, 264, 43, NULL, NULL, NULL, NULL),
(534, 'श्रीमती दिव्या उमेश मिश्रा', NULL, 'एफ-17, सिंचाई काॅलोनी, मधु पिल्ले चैक, शांति नगर, रायपुर', NULL, '	94252-27700', '2234192', NULL, 'directoraviation1@gmail.com', NULL, 265, 43, NULL, NULL, NULL, NULL),
(535, 'श्री प्रसन्ना आर0', NULL, 'आफिसर कालोनी, देवेन्द्र नगर रायपुर ', NULL, '', '251024', NULL, '', NULL, 266, 43, NULL, NULL, NULL, NULL),
(536, 'डाॅ. राजेश बघेल', NULL, 'पीयुष कालोनी, कचनार रोड, अमलीडीह, रायपुर ', NULL, '99778-39369', '	2511953', NULL, 'rural-seri. cg @ gov.in', NULL, 267, 43, NULL, NULL, NULL, NULL),
(537, 'श्री सुधाकर खलखो', '', ' डी-1/1 आफीसर कालोनी, देवेन्द्र नगर, रायपुर छ0ग0 ', NULL, '94252-54002', '2511766', NULL, 'sudhaker.xalxo@cg.gov.in', NULL, 268, 43, NULL, NULL, NULL, NULL),
(538, 'श्री गिरिधारी नायक', 'नायक निवास, ग्राम-टेमरी, पोस्ट-माना, जिला- रायपुर', '', NULL, '94255-09080', '2235524/2235594', NULL, NULL, NULL, 269, 44, NULL, NULL, NULL, NULL),
(539, 'श्रीमती ज्योति अग्रवाल ', 'डी-205, सेक्टर-5, देवेन्द्र नगर, रायपुर ', '', NULL, '99770-17280', '2235591', NULL, 'jyotiagrawal82@aij.gov.in', NULL, 270, 44, NULL, NULL, NULL, NULL),
(540, 'श्री एम.के.राउत,', '17-मौलश्री विहार, व्ही.आई.पी.रोड, रायपुर ', '', NULL, '94242-00626', '2512101 ,2331067', NULL, NULL, NULL, 271, 45, NULL, NULL, NULL, NULL),
(541, 'श्री अशोक कुमार अग्रवाल', 'ए-4, बीआईटी कालोनी रोड,\r\nअशोका टावर के पीछे, शंकर नगर, रायपुर', '', NULL, '94252-03199', '2512105 ,2885322', NULL, NULL, NULL, 272, 45, NULL, NULL, NULL, NULL),
(542, 'श्री आई.आर.देहारी,', 'सीनीयर एमआईजी-70,सेक्टर-3, हाउसिंग बोर्ड कालोनी,डी.डी.यू.नगर, रायपुर', '', NULL, '73899-00993', '2512106', NULL, NULL, NULL, 273, 45, NULL, NULL, NULL, NULL),
(543, 'श्रीमती आभा तिवारी,', 'सी-9, अग्रसेन नगर, रिंग रोड नं. 1,रायपुर', '', NULL, '93406-81987', '2512108', NULL, NULL, NULL, 274, 45, NULL, NULL, NULL, NULL),
(544, 'श्री टामन सिंह सोनवानी,', '32, एनएमडीसी कालोनी, विजेता काम्पलेक्स के पीछे, न्यू राजेन्द्र नगर, रायपुर   (छ.ग.)', NULL, NULL, '2972171', '2420153/0771-2331525, 0771-2446556', NULL, 'cgpsc.cg@nic.in ', NULL, 275, 46, NULL, NULL, NULL, NULL),
(545, 'श्री सुकृत लाल साव', 'म.नं. - 7, हर्षित नगर, हीरापुर रोड, मोहबा बाजार, रायपुर (छ.ग.)', NULL, NULL, '94790-39147', '2430025/0771-2331525, 0771-2446556', NULL, 'cgpsc.cg@nic.in ', NULL, 276, 46, NULL, NULL, NULL, NULL),
(546, 'डा. मोतीलाल बाचकर', 'बंगला नं.-54, मेट्रोग्रीन, भावन स्कूल के सामने, सड्डू, रायपुर (छ.ग.)', NULL, NULL, '91318-89462/98931-66093', '2432348/0771-2331525, 0771-2446556', NULL, 'cgpsc.cg@nic.in ', NULL, 276, 46, NULL, NULL, NULL, NULL),
(547, 'श्री जीवन किशोर ध्रुव,', 'डी-2/20, सेक्टर-17, नवा रायपुर अटल नगर', NULL, NULL, '9425552444', '2439564/0771-2331525, 0771-2446556', NULL, 'cgpsc.cg@nic.in ', NULL, 277, 46, NULL, NULL, NULL, NULL),
(548, 'श्रीमती आरती वासनिक, ', 'ई-1/39, सेक्टर-17, नवा रायपुर, अटल नगर', NULL, NULL, '94241-10859', '2331524/0771-2331525, 0771-2446556', NULL, 'cgpsc.cg@nic.in ', NULL, 278, 46, NULL, NULL, NULL, NULL),
(549, 'श्री जे.एस.गोंड', 'ई-1/1, जी.ए.डी. कालोनी, कचना, रायपुर (छ.ग.)', NULL, NULL, '78694-43672', '23312040771-2331525, 0771-2446556', NULL, 'cgpsc.cg@nic.in ', NULL, 279, 46, NULL, NULL, NULL, NULL),
(550, 'श्री आर.के. ध्रुव,', 'बी-13, मारूति रेसीडेन्सी, अमलीडीह, रायपुर (छ.ग.)', NULL, NULL, '94242-15433', '2331204/0771-2331525, 0771-2446556', NULL, 'cgpsc.cg@nic.in ', NULL, 279, 46, NULL, NULL, NULL, NULL),
(551, 'श्री ठाकुर राम सिंह,', 'एच-19, अनुपम नगर, रायपुर', NULL, NULL, '2284777/94252-45777', '2236235 ,4031555', NULL, NULL, NULL, 280, 47, NULL, NULL, NULL, NULL),
(552, 'श्री रिमिजियुस एक्का ', 'सी-01, पंकज विक्रम परिसर, कटोरा तालाब, रायपुर (छ.ग.)', NULL, NULL, '94060-32685', '2236830', NULL, NULL, NULL, 281, 47, NULL, NULL, NULL, NULL),
(553, 'डा संतोष कुमार देवांगन,', 'पी-3ए-105,सेक्टर-27, नवा रायपुर, अटल नगर', NULL, NULL, '94252-53589', '', NULL, NULL, NULL, 282, 47, NULL, NULL, NULL, NULL),
(554, 'श्री दीपक कुमार अग्रवाल,', 'एस-4, ग्रीन पैराडाइज काॅलोनी, विशाल नगर,तेलीबांधा, रायपुर', NULL, NULL, '94258-36621', '2221211', NULL, NULL, NULL, 282, 47, NULL, NULL, NULL, NULL),
(555, 'श्रीमती श्वेता श्रीवास्तव सिन्हा', 'एफ-1,कटोरा तालाब रायपुर', NULL, NULL, '99773-24444', '2262177/2263179', NULL, NULL, NULL, 283, 48, NULL, NULL, NULL, NULL),
(556, 'श्री डी.एस. मिश्र', 'क्वाटर न.-डी3, सड़क न. 19,सेक्टर-9, भिलाई-490006', '', NULL, '9425205120', '4073550', NULL, NULL, NULL, 284, 49, NULL, NULL, NULL, NULL),
(557, 'श्री अरूण कुमार शर्मा', 'ओम सोसाइटी,(व्ही.एल.एम.इंग्लीश स्कूल के आगे, केन्द्रीय श्रमिक शिक्षा बोर्ड के पास) ', '', NULL, '9717888610', '4073551', NULL, NULL, NULL, 285, 49, NULL, NULL, NULL, NULL),
(558, 'श्री विनोद देशमुख', '5/786, शिवानन्द नगर,खमतराई रायपुर ', '', NULL, '9425501765', '4073552', NULL, NULL, NULL, 285, 49, NULL, NULL, NULL, NULL),
(559, 'श्री एम.एस. रत्नम्', 'म.न.-1/22 गीता नगर,गीता नगर, आयुवैदिक कालेज के समाने, जी.ई. रोड, रायपुर', '', NULL, '', '4048788', NULL, NULL, NULL, 286, 49, NULL, NULL, NULL, NULL),
(560, 'श्री भूपेश बघेल,', 'बी -3, मुख्यमंत्री निवास, सिविल लाईन्स, रायपुर', NULL, NULL, '0771-2331000,', '0771.2511200/0771-2331001 ', NULL, '', NULL, 287, 50, NULL, NULL, NULL, NULL),
(561, 'श्री अजय सिंह,', 'ई-8, शंकर नगर, रायपुर', NULL, NULL, '0771.2331014/96300.30405', '0771.2511222/0771.2511221', NULL, 'ajaysingh@nic.in', NULL, 288, 50, NULL, NULL, NULL, NULL),
(562, 'श्री के. सुब्रमणियम,', ' नं. -21, बनयान -1, छ.ग. हाऊसिंग बोर्ड कालोनी, बोरियाकला, शदाणी दरवार के सामने, रायपुर', NULL, NULL, '98261.48944', '771.2511225', NULL, 'maniiyer1958@yahoo.com ', NULL, 289, 50, NULL, NULL, NULL, NULL),
(563, 'श्री अनुप कुमार श्रीवास्तव,', 'बंगला नं. 158, धर्मपुरा आफिसर्स कालोनी, धर्मपुरा, रायपुर', NULL, NULL, '99930.30804', '771.2511223', NULL, 'ms.cgspc@gov.in', NULL, 290, 50, NULL, NULL, NULL, NULL),
(564, 'माननीय न्यायमूर्ति श्री चन्द्र भूषण बाजपेयी', NULL, NULL, NULL, '94252-04010', '2582901', NULL, 'chg.sforum@nic.in\ncgscdrc@gmail.com', NULL, 291, 51, NULL, NULL, NULL, NULL),
(565, 'श्रीमती रूची गोयल', NULL, NULL, NULL, '62630-70244', '2582903', NULL, 'chg.sforum@nic.in\ncgscdrc@gmail.com', NULL, 292, 51, NULL, NULL, NULL, NULL),
(566, 'श्री गोपाल चन्द्र शील ', NULL, NULL, NULL, '87701-41498', '2582903', NULL, 'chg.sforum@nic.in\ncgscdrc@gmail.com', NULL, 292, 51, NULL, NULL, NULL, NULL),
(567, 'श्री प्रमोद कुमार वर्मा', NULL, NULL, NULL, '93003-28969', '2582903	', NULL, 'chg.sforum@nic.in\ncgscdrc@gmail.com', NULL, 292, 51, NULL, NULL, NULL, NULL),
(568, 'श्री गुरप्रीत सिंह बाबरा', 'बंगला नं. - 151, सैफायर ग्रीन विधानसभा रोड रायपुर', NULL, NULL, '9425254228', '2972923', NULL, 'khadyaayog@gmail.com', NULL, 293, 52, NULL, NULL, NULL, NULL),
(569, 'श्री अशोक चैधरी ', 'ममता नगर लाल बहादूर शास्त्री वार्ड नं. -19, जिला राजनांदगांव', NULL, NULL, '9425240030', '2972923', NULL, '', NULL, 294, 52, NULL, NULL, NULL, NULL),
(570, 'श्रीमती पार्वती ढीढी', 'बम्लेश्वरी कालोनी बोरसी प्लाट नं. 52/70 जिला दुर्ग', NULL, NULL, '9907182057', '2972923', NULL, '', NULL, 294, 52, NULL, NULL, NULL, NULL),
(571, 'श्रीमती विद्या जगत ', 'रेल्वे फाटक कांजी हाउस के पीछे सोठी सक्ती तहसील शक्ती जिला जांजगीर चांपा', NULL, NULL, '9424168278', '2972923', NULL, '', NULL, 294, 52, NULL, NULL, NULL, NULL),
(572, 'श्री अशोक कुमार सोनवानी', 'ग्राम भदवाही, पोस्ट खम्हरिया थाना उदयपुर जिला सरगुजा', NULL, NULL, '9009057850', '2972923', NULL, '', NULL, 294, 52, NULL, NULL, NULL, NULL),
(573, 'श्री गजपाल सिंह सिकरवार', 'एफ-10, फाॅरेस्ट काॅलोनी, पण्डरी, रायपुर', NULL, NULL, '94242-44694', '2,51,09,64,22,22,952', NULL, 'js.food.cg@gov.in', NULL, 295, 52, NULL, NULL, NULL, NULL),
(574, 'श्री अमरजीत भगत', NULL, 'कार्यालय मंत्री, छत्तीसगढ़ शासन, खाद्य नागरकि आपूर्ति एवं उपभोक्ता संरक्षण, योजना सांख्यिकी एवं संस्कृति विभाग,मंत्रालय महानदी भवन नवा रायपुर, छत्तीसगढ़', 'कक्ष क्र. एम 1-17, 18, 19, 20, 21 ', '98261-90768', '2331303/2331304', NULL, NULL, NULL, NULL, NULL, NULL, NULL, NULL, NULL),
(575, 'श्री सुनील कुमार कुजूर', '36 मौलश्री विहार, हाउसिंग काॅलोनी, वी.आई.पी. रोड़, रायपुर', NULL, NULL, '9425208500', '0771-4916001', NULL, NULL, NULL, 297, 54, NULL, NULL, NULL, NULL),
(576, 'श्री दिलीप जायसवाल', 'मकान नंबर एफ 1/4, जी.ए.डी. काॅलोनी, कचना रोड़, रायपुर', NULL, NULL, '9406255755', '0771-4916001', NULL, NULL, NULL, 298, 54, NULL, NULL, NULL, NULL),
(577, 'डा. श्रीमती किरणमयी नायक', 'विला नं. 35, मारूति लाइफ स्आइल, कोटा, मोहबा बाजार, रायपुर (छ.ग.) ', NULL, NULL, '94255-35683/98271-67398', '2433488', NULL, 'chairperson.cgswc@gmail.com', NULL, 299, 55, NULL, NULL, NULL, NULL),
(578, 'श्री अभय कुमार देवांगन', 'गीता सदन, श्याम टाकीज चैक, बुढ़ापारा, रायपुर  (छ.ग.)', NULL, NULL, '98268-28005', '4013189', NULL, 'abhaydewangan@gmail.com', NULL, 300, 55, NULL, NULL, NULL, NULL),
(579, 'श्रीमती प्रभा दुबे', 'टाटीबंध बस्ती, रायपुर', NULL, NULL, '94252-07245', '0771-2420093', NULL, 'prabhadubeycp@gmail.com', NULL, 301, 56, NULL, NULL, NULL, NULL),
(580, 'श्री प्रतीक खरे ', 'ई-01 शांति नगर, गौरव वाटिका के पीछे, शहीद भगत सिंह चैक, रायपुर', NULL, NULL, '94255-25127 ,84630-00222', '0771-2420094', NULL, 'khare99999@gmail.com', NULL, 302, 56, NULL, NULL, NULL, NULL),
(581, 'श्री दिलीप कुमार कौशिक', 'ग्राम व पोस्ट - बावली, जिला -मुंगेली', NULL, NULL, '90989-82513', '0771-2420095', NULL, 'dileepkaushik9e@gmail.com', NULL, 303, 56, NULL, NULL, NULL, NULL),
(582, 'श्री अंकित ओझा', '68 बी, सड़क क्र. 12, स्मृति नगर, भिलाई, दुर्ग', NULL, NULL, '93039-46395', '0771-242009', NULL, 'arvind21031975@gmail.com', NULL, 303, 56, NULL, NULL, NULL, NULL),
(583, 'श्रीमती मीनाक्षी तोमर', 'ए-04, आशीष नगर, सेक्टर 08, वेस्ट रिसाली, भिलाई, दुर्ग', NULL, NULL, '94241-17033', '0771-2420095', NULL, 'minakshitomar28@gmail.com', NULL, 303, 56, NULL, NULL, NULL, NULL),
(584, 'सुश्री टी.आर. श्यामा', 'फुलझरियापारा, सारंगढ़, रायगढ़', NULL, NULL, '94255-10268', '0771-2420095', NULL, 'trshyamadwivedi@gmail.com', NULL, 303, 56, NULL, NULL, NULL, NULL),
(585, 'श्री थानेश्वर साहू,', 'दाऊपारा, बिलासपुर रोड, ', 'मुंगेली, जिला-मुंगेली  ', NULL, '97544&22266', '0771&2429968', NULL, NULL, NULL, 304, 57, NULL, NULL, NULL, NULL),
(586, 'श्री महेश चंद्रवंशी', 'ग्रा-लोहझरी, सारंगपरकला,', 'तह.-बोड़ला, जिला-कबीरधाम ', NULL, '97549&90767', '0771&2429969', NULL, NULL, NULL, 305, 57, NULL, NULL, NULL, NULL),
(587, 'श्री एस.एल. साहू', '14-ए. गायत्री नगर, रायपुर', '', NULL, '98269&61272', '0771&2422352', NULL, NULL, NULL, 306, 57, NULL, NULL, NULL, NULL),
(588, 'श्री रामजी भारती ', 'मकान नम्बर 78, गुरू घासीदास काॅलोनी, विजेता काॅम्पलेक्स के पीछे न्यू राजेन्द्र नगर, रायपुर ', '2. 94- पुनम काॅलोनी, वर्धमान नगर, राजनांदगांव (छ.ग.)', NULL, '94241&29110', '2422881 फै.', NULL, NULL, NULL, 307, 58, NULL, NULL, NULL, NULL),
(589, 'मान. श्रीमती पद्मा मनहर,', 'मकान नम्बर 42/897/अश्वनी नगर, रायपुर ', 'वार्ड क्रमांक 01, रानीसागर, तहसील सारंगढ़, जिला-रायगढ़   (छ.ग.)', NULL, '94079&99999', '2422747 2422881 फै.', NULL, NULL, NULL, 308, 58, NULL, NULL, NULL, NULL),
(590, 'श्री बी.एल. बंजारे', 'मकान नम्बर 3134, आदर्श नगर मोवा', 'जैत खाम के पास, पोस्ट आफिस सड्डू, रायपुर    (छ.ग.)', NULL, '96696&27771', '2422747 2422881 फै.', NULL, NULL, NULL, 309, 58, NULL, NULL, NULL, NULL),
(591, 'सुश्री राजकुमारी दीवान', 'यू राजेन्द्र नगर, सेक्टर-2 ', 'गोविन्द सारंग काॅम्पलेक्स के पीछे, रायपुर  ', NULL, '94252&12515', NULL, '2445621 2445621 फै.', NULL, NULL, 310, 59, NULL, NULL, NULL, NULL),
(592, 'श्री नितिन पोटाई,', 'मकान नं.-41, दिव्य कालोनी, मारूती रेसीडेंसी के पास, ', 'अमलीडीह रोडद्व न्यू राजेन्द्र नगर, रायपुर', NULL, '94252&12515', NULL, '2445621', NULL, NULL, 311, 59, NULL, NULL, NULL, NULL),
(593, 'एच. के. सिंह उईके', 'सी-6, सेक्टर-01,', 'पानी टंकी के पास, शंकर नगर, रायपुर', NULL, '94242&16008', NULL, '2445621', NULL, NULL, 312, 59, NULL, NULL, NULL, NULL),
(594, 'श्रीमति अनिला भेड़िया', 'सी-3, फाॅरेस्ट काॅलोनी, राजा तालाब, रायपुर\r\n', NULL, NULL, '0771-2331032', '0771-2418277', NULL, NULL, NULL, 313, 60, NULL, NULL, NULL, NULL),
(595, 'श्री रविन्द्र चैबे', 'सी.-4 शंकर नगर 	सिविल लाईन, रायपुर\r\n', NULL, NULL, '94252-34400', '2331020', NULL, NULL, NULL, 314, 61, NULL, NULL, NULL, NULL),
(596, 'डाॅ.एम.पी. पासी', 'एम.आई.जी. 120 सेक्टर-3 दीनदयाल उपाध्याय नगर, रायपुर\r\n', NULL, NULL, '99816-07878', '', NULL, NULL, NULL, 315, 61, NULL, NULL, NULL, NULL),
(597, 'डाॅ. एन.के. शुक्ला', 'मकान नं. 4146,	सत्यम विहार काॅलोनी रायपुरा, जिला रायपुर, छ.ग.\r\n', NULL, NULL, '88277-93948', '0771&2436321', NULL, NULL, NULL, 316, 61, NULL, NULL, NULL, NULL),
(598, 'मान. श्री महेन्द्र छाबड़ा,', 'तात्यापारा गजानंद मंदिर के बाजू, रायपुर ', NULL, NULL, '98271&93700', NULL, '2445074 2445074 फै.', NULL, NULL, 317, 62, NULL, NULL, NULL, NULL),
(599, 'श्री हफीज खान', 'गौरी नगर वार्ड क्र.14 ,राजनांदगांव', '', '', '9425554212', '', '2445074 2445074 फै.', '', NULL, 318, 62, NULL, NULL, NULL, NULL),
(600, 'श्री अनिल जैन', 'शांति रेसिडेन्सी, आम्रपाली सोसायटी, रायपुर  ', '', '', '9425514000', '', ' 2445074 2445074 फै.', '', NULL, 318, 62, NULL, NULL, NULL, NULL),
(601, 'श्री एम.आर.खान', 'मकान नं. ए-502 प्रियदर्शनी नगर, रायपुर  ', '', '', '0771-3554061', '', '', '', NULL, 319, 62, NULL, NULL, NULL, NULL);

-- --------------------------------------------------------

--
-- Stand-in structure for view `master_user_role`
-- (See below for the actual view)
--
CREATE TABLE `master_user_role` (
`user_role_id` int(11)
,`role_name` varchar(50)
,`role_code` varchar(3)
,`access_level` varchar(15)
);

-- --------------------------------------------------------

--
-- Table structure for table `mst_department`
--

CREATE TABLE `mst_department` (
  `dept_id` int(4) NOT NULL,
  `order_id` int(3) DEFAULT NULL,
  `dept_name_hi` varchar(300) CHARACTER SET utf8 NOT NULL,
  `dept_name_en` varchar(255) NOT NULL,
  `address` varchar(255) CHARACTER SET utf8 NOT NULL,
  `pincode` varchar(6) CHARACTER SET utf8 DEFAULT NULL,
  `contact` varchar(30) CHARACTER SET utf8 DEFAULT NULL,
  `fax` varchar(30) CHARACTER SET utf8 DEFAULT NULL,
  `email` varchar(50) CHARACTER SET utf8 DEFAULT NULL,
  `website` varchar(30) CHARACTER SET utf8 DEFAULT NULL,
  `is_active` enum('Y','N') DEFAULT NULL,
  `added_time` datetime DEFAULT current_timestamp(),
  `update_time` datetime DEFAULT current_timestamp(),
  `added_ip` varchar(20) DEFAULT NULL,
  `update_ip` varchar(20) DEFAULT NULL,
  `added_by` varchar(20) DEFAULT NULL,
  `updated_by` varchar(20) DEFAULT NULL,
  `std_code` varchar(5) DEFAULT NULL
) ENGINE=InnoDB DEFAULT CHARSET=utf8mb4;

--
-- Dumping data for table `mst_department`
--

INSERT INTO `mst_department` (`dept_id`, `order_id`, `dept_name_hi`, `dept_name_en`, `address`, `pincode`, `contact`, `fax`, `email`, `website`, `is_active`, `added_time`, `update_time`, `added_ip`, `update_ip`, `added_by`, `updated_by`, `std_code`) VALUES
(1, 200, 'वन', '', '', NULL, NULL, NULL, NULL, NULL, 'Y', '2021-01-14 16:26:37', NULL, NULL, NULL, NULL, NULL, NULL),
(2, 20, 'राज्यसभा', '', '', NULL, NULL, NULL, NULL, NULL, 'Y', '2021-01-15 01:56:19', '2021-01-15 01:56:19', NULL, NULL, NULL, NULL, NULL),
(3, 20, 'लोकसभा', '', '', NULL, NULL, NULL, NULL, NULL, 'Y', '2021-01-15 03:36:58', '2021-01-15 03:36:58', NULL, NULL, NULL, NULL, NULL),
(4, 21, 'विधानसभा', '', '', NULL, NULL, NULL, NULL, NULL, 'Y', '2021-01-15 13:51:21', '2021-01-15 13:51:21', NULL, NULL, NULL, NULL, NULL),
(5, 11, 'छत्तीसगढ़ उच्च न्यायालय बिलासपुर', '', '', '495220', '241232', '241031,241040', 'highcourt.cg@nic.in', 'highcourt.cg.gov.in', 'Y', '2021-01-15 14:19:50', '2021-01-15 14:19:50', NULL, NULL, NULL, NULL, ' 0775'),
(6, 12, 'छत्तीसगढ़ राज्य न्यायिक अकादमी', '', 'शहीद वीरनारायण सिंह परिसर, नगर घड़ी चैक, रायपुर (छ.ग.)', NULL, '0771-2223411', NULL, 'arbitration.cg@gov.in', NULL, 'Y', '2021-01-15 15:26:40', '2021-01-15 15:26:40', NULL, NULL, NULL, NULL, '0771'),
(7, 13, 'महाधिवक्ता कार्यालय, बिलासपुर', '', '', NULL, NULL, NULL, NULL, NULL, 'Y', '2021-01-15 15:53:42', '2021-01-15 15:53:42', NULL, NULL, NULL, NULL, NULL),
(8, 14, 'छत्तीसगढ़ माध्यस्थम अधिकरण', '', 'शहीद वीरनारायण सिंह परिसर, नगर घड़ी चैक, रायपुर (छ.ग.)', NULL, '0771-2223411', NULL, 'arbitration.cg@gov.in', NULL, 'Y', '2021-01-15 16:42:41', '2021-01-15 16:42:41', NULL, NULL, NULL, NULL, NULL),
(9, 15, 'छत्तीसगढ़ राज्य विधिक सेवा प्राधिकरण', '', 'पुराना उच्च न्यायालय भवन, बिलासपुर, जिला बिलासपुर (छ.ग.)', '495001', '(07752) 410210, 222405', NULL, 'cgslsa.cg@nic.in,  cgslsa@gmai.com', 'www.cgslsa.gov.in', 'Y', '2021-01-15 18:12:49', '2021-01-15 18:12:49', NULL, NULL, NULL, NULL, NULL),
(10, 16, 'हिदायतउल्ला नेशनल लायूनिवर्सिटी', '', '', NULL, NULL, NULL, NULL, NULL, 'Y', '2021-01-15 19:20:57', '2021-01-15 19:20:57', NULL, NULL, NULL, NULL, NULL),
(11, 17, 'राज्य परिवहन अपीलीय अधिकरण', '', '', NULL, NULL, NULL, NULL, NULL, 'Y', '2021-01-16 14:06:07', '2021-01-16 14:06:07', NULL, NULL, NULL, NULL, NULL),
(12, 18, 'छत्तीसगढ़ लोक आयोग एवं विशेष अन्वेषण स्थापना', '', 'गाॅधी चैक, रायपुर', NULL, NULL, NULL, NULL, NULL, 'Y', '2021-01-16 14:18:27', '2021-01-16 14:18:27', NULL, NULL, NULL, NULL, NULL),
(13, 27, 'माध्यमिक शिक्षा मण्डल\r\n', '', 'पेंशनबाड़ा,रायपुर (छ.ग.)', NULL, NULL, NULL, NULL, NULL, 'Y', '2021-01-16 19:54:58', '2021-01-16 19:54:58', NULL, NULL, NULL, NULL, NULL),
(14, 26, 'छत्तीसगढ़ प्रशासन अकादमी', '', '', NULL, NULL, NULL, NULL, NULL, 'Y', '2021-01-16 20:49:05', '2021-01-16 20:49:05', NULL, NULL, NULL, NULL, NULL),
(15, 36, 'छत्तीसगढ़ राज्य विद्युत होल्डिंग कंपनी मर्यादित', '', '', NULL, NULL, NULL, NULL, NULL, 'Y', '2021-01-16 21:05:43', '2021-01-16 21:05:43', NULL, NULL, NULL, NULL, NULL),
(16, 38, 'छत्तीसगढ़ स्टेट पाॅवर ट्रांसमिशन कंपनी लिमिटेड', '', '', NULL, NULL, NULL, NULL, NULL, 'Y', '2021-01-16 21:41:50', '2021-01-16 21:41:50', NULL, NULL, NULL, NULL, NULL),
(17, 39, 'छ.ग. स्टेट पाॅवर डिस्ट्रीब्यूशन कंपनी लिमिटेड', '', '', NULL, NULL, NULL, NULL, NULL, 'Y', '2021-01-16 21:53:45', '2021-01-16 21:53:45', NULL, NULL, NULL, NULL, NULL),
(18, 37, 'छ.ग. स्टेट पाॅवर जनरशेन कंपनी लिमिटेड', '', '', NULL, NULL, NULL, NULL, NULL, 'Y', '2021-01-16 22:17:42', '2021-01-16 22:17:42', NULL, NULL, NULL, NULL, NULL),
(19, 40, 'छ.ग. स्टेट पाॅवर ट्रेडिंग कंपनी लिमिटेड', '', '', NULL, NULL, NULL, NULL, NULL, 'Y', '2021-01-16 22:29:09', '2021-01-16 22:29:09', NULL, NULL, NULL, NULL, NULL),
(20, 32, 'छत्तीसगढ़ नगर पालिक निगम के महापौर', '', '', NULL, NULL, NULL, NULL, NULL, 'Y', '2021-01-17 09:28:27', '2021-01-17 09:28:27', NULL, NULL, NULL, NULL, NULL),
(21, 32, 'छत्तीसगढ़ के नगर पालिक निगम के आयुक्त', '', '', NULL, NULL, NULL, NULL, NULL, 'Y', '2021-01-17 09:49:15', '2021-01-17 09:49:15', NULL, NULL, NULL, NULL, NULL),
(22, 41, 'दिल्ली में पदस्थ छत्तीसगढ़ कैडर के भारतीय प्रशासनिक सेवा के अधिकारी', '', '', NULL, NULL, NULL, NULL, NULL, 'Y', '2021-01-17 10:23:40', '2021-01-17 10:23:40', NULL, NULL, NULL, NULL, NULL),
(23, 42, 'दिल्ली में पदस्थ छत्तीसगढ़ कैड़र के भारतीय पुलिस सेवा के अधिकारी', '', '', NULL, NULL, NULL, NULL, NULL, 'Y', '2021-01-17 10:46:51', '2021-01-17 10:46:51', NULL, NULL, NULL, NULL, NULL),
(24, 43, 'दिल्ली में पदस्थ छत्तीसगढ़ कैड़र के भारतीय वन सेवा के अधिकारी', '', '', NULL, NULL, NULL, NULL, NULL, 'Y', '2021-01-17 13:51:04', '2021-01-17 13:51:04', NULL, NULL, NULL, NULL, NULL),
(25, 44, 'कार्यालय आवासीय आयुक्त ,  छत्तीसगढ़ शासन', '', 'तृतीय तल, चाणक्य भवन, चाणक्यपुरी, नई दिल्ली', '110021', '24107326, 45231000, 46156000', '24105809/46156030', 'bhawan.cg@gov.in,  rcchhattisgarh@gmail.com', NULL, 'Y', '2021-01-17 13:51:04', '2021-01-17 13:51:04', NULL, NULL, NULL, NULL, NULL),
(26, 45, 'छत्तीसगढ़ सूचना केन्द्र', '', 'तृतीय तल, चाणक्य भवन, चाणक्यपुरी,नई दिल्ली', '110021', NULL, NULL, NULL, NULL, 'Y', '2021-01-17 15:21:21', '2021-01-17 15:21:21', NULL, NULL, NULL, NULL, NULL),
(27, 46, 'राज्य शिष्टाचार अधिकारी, छत्तीसगढ़', '', 'मंत्रालय, महानदी भवन, रायपुर', NULL, '0771-2510934', '2221134', 'stateprotocolcg036@gmail.com ', NULL, 'Y', '2021-01-17 15:32:14', '2021-01-17 15:32:14', NULL, NULL, NULL, NULL, NULL),
(28, 47, 'मंत्रालय के आवश्यक दूरभाष', '', '', NULL, NULL, NULL, NULL, NULL, 'Y', '2021-01-17 18:32:27', '2021-01-17 18:32:27', NULL, NULL, NULL, NULL, NULL),
(29, 22, 'प्रधानमंत्री कार्यालय', '', '', NULL, NULL, NULL, NULL, NULL, 'Y', '2021-01-18 13:09:30', '2021-01-18 13:09:30', NULL, NULL, NULL, NULL, NULL),
(30, 30, 'छत्तीसगढ़ के विश्वविद्यालय', '', '', NULL, NULL, NULL, NULL, NULL, 'Y', '2021-01-18 15:58:34', '2021-01-18 15:58:34', NULL, NULL, NULL, NULL, NULL),
(31, 5, 'राष्ट्रपति सचिवालय', '', '', NULL, NULL, NULL, NULL, NULL, 'Y', '2021-01-19 13:30:03', '2021-01-19 13:30:03', NULL, NULL, NULL, NULL, NULL),
(32, 5, 'उपराष्ट्रपति सचिवालय', '', '', NULL, NULL, NULL, NULL, NULL, 'Y', '2021-01-19 13:41:25', '2021-01-19 13:41:25', NULL, NULL, NULL, NULL, NULL),
(33, 7, 'राज्यपाल का सचिवालय', '', '', NULL, NULL, NULL, NULL, NULL, 'Y', '2021-01-19 17:07:07', '2021-01-19 17:07:07', NULL, NULL, NULL, NULL, NULL),
(34, 8, 'छत्तीसगढ़ विधानसभा ', '', '', NULL, NULL, NULL, NULL, NULL, 'Y', '2021-01-20 07:26:41', '2021-01-20 07:26:41', NULL, NULL, NULL, NULL, NULL),
(35, 8, 'विधानसभा सचिवालय ', '', '', NULL, NULL, NULL, NULL, NULL, 'Y', '2021-01-20 13:01:02', '2021-01-20 13:01:02', NULL, NULL, NULL, NULL, NULL),
(36, 9, 'मुख्यमंत्री सचिवालय', '', '', NULL, NULL, NULL, NULL, NULL, 'Y', '2021-01-21 07:10:50', '2021-01-21 07:10:50', NULL, NULL, NULL, NULL, NULL),
(37, 10, 'छत्तीसगढ़ मंत्रि-परिषद् ', '', '', NULL, NULL, NULL, NULL, NULL, 'Y', '2021-01-21 11:19:21', '2021-01-21 11:19:21', NULL, NULL, NULL, NULL, NULL),
(38, 34, 'भारतीय लेखापरीक्षा एवं लेखा विभाग (कार्यालय महालेखाकार (लेखा एवं हकदारी) छत्तीसगढ़)', '', '', NULL, NULL, NULL, NULL, NULL, 'Y', '2021-01-21 12:35:01', '2021-01-21 12:35:01', NULL, NULL, NULL, NULL, NULL),
(39, 19, 'राज्य औद्योगिक न्यायालय, छत्तीसगढ़', '', '', NULL, NULL, NULL, NULL, NULL, 'Y', '2021-01-21 14:35:34', '2021-01-21 14:35:34', NULL, NULL, NULL, NULL, NULL),
(40, 28, 'राजस्व मण्डल', '', '', NULL, NULL, NULL, NULL, NULL, 'Y', '2021-01-21 14:44:20', '2021-01-21 14:44:20', NULL, NULL, NULL, NULL, NULL),
(41, 23, 'मंत्रि परिषद सविचालय ', '', '', NULL, NULL, NULL, NULL, NULL, 'Y', '2021-01-21 15:35:50', '2021-01-21 15:35:50', NULL, NULL, NULL, NULL, NULL),
(42, 33, 'छत्तीसगढ़ के जिला पंचायत अध्यक्ष', '', '', NULL, NULL, NULL, NULL, NULL, 'Y', '2021-01-21 16:44:43', '2021-01-21 16:44:43', NULL, NULL, NULL, NULL, NULL),
(43, 29, 'विभागाध्यक्ष (सामान्य प्रशासन विभाग द्वारा निर्धारित विभागों के क्रमानुसार)', '', '', NULL, NULL, NULL, NULL, NULL, 'Y', '2021-01-22 22:17:32', '2021-01-22 22:17:32', NULL, NULL, NULL, NULL, NULL),
(44, 25, 'सामान्य प्रशासन विभाग (छत्तीसगढ़ राज्य मानव अधिकार आयोग) ', '', 'डी.के.एस. अस्पताल के पास रायपुर', NULL, NULL, NULL, NULL, NULL, 'Y', '2021-01-23 09:42:10', '2021-01-23 09:42:10', NULL, NULL, NULL, NULL, NULL),
(45, 25, 'सामान्य प्रशासन विभाग (छत्तीसगढ़ राज्य सूचना आयोग) ', '', 'नार्थ  ब्लाक, सेक्टर-19, नवा रायपुर, अटल नगर, जिला-रायपुर, छत्तीसगढ़', NULL, NULL, NULL, NULL, NULL, 'Y', '2021-01-23 09:42:48', '2021-01-23 09:42:48', NULL, NULL, NULL, NULL, NULL),
(46, 25, 'सामान्य प्रशासन विभाग (छत्तीसगढ़ लोक सेवा आयोग) ', '', 'शहीद भगत सिंह चैक, शंकर नगर रोड, रायपुर, पिन नं. - 492001 ', NULL, NULL, '0771-2331525, 0771-2446556', 'cgpsc.cg@nic.in ', 'www.psc.cg.gov.in', 'Y', '2021-01-23 09:43:57', '2021-01-23 09:43:57', NULL, NULL, NULL, NULL, NULL),
(47, 25, 'सामान्य प्रशासन विभाग (छत्तीसगढ़ राज्य निर्वाचन आयोग) ', '', 'डी के एस भवन पुराना मंत्रालय के समीप, रायपुर (छ ग)\r\n                                                       ', NULL, NULL, ' 0771-2221151, 0771-2236235', 'cgsec.cg@nic.in', 'www.cgsec.gov.in', 'Y', '2021-01-23 11:00:30', '2021-01-23 11:00:30', NULL, NULL, NULL, NULL, NULL),
(48, 25, 'खेल एवं युवा कल्याण विभाग (छत्तीसगढ़ राज्य युवा आयोग)                                                            ', '', '', NULL, NULL, NULL, NULL, NULL, 'Y', '2021-01-23 11:20:10', '2021-01-23 11:20:10', NULL, NULL, NULL, NULL, NULL),
(49, 25, 'ऊर्जा विभाग (राज्य विद्युत नियामक आयोग)', '', '', NULL, NULL, NULL, NULL, NULL, 'Y', '2021-01-23 11:39:57', '2021-01-23 11:39:57', NULL, NULL, NULL, NULL, NULL),
(50, 25, 'योजना, आर्थिक एवं सांख्यिकी विभाग (राज्य योजना आयोग, छत्तीसगढ़)\r\n                                                         ', '', ' योजना भवन सेक्टर-19, नार्थ ब्लाक, नवा रायपुर अटल नगर', NULL, NULL, '0771.2511224', 'ms.cgspc@nic.in', 'www.spc.cg.gov.in', 'Y', '2021-01-23 12:48:32', '2021-01-23 12:48:32', NULL, NULL, NULL, NULL, NULL),
(51, 25, 'खाद्य नागरिक आपूर्ति एवं उपभोक्ता संरक्षण विभाग\r\n(छ.ग. राज्य उपभोक्ता विवाद प्रतितोषण आयोग)\r\n                                                                                                           ', '', 'पण्डरी बस डिपो के पीछे, जिला-रायपुर', NULL, NULL, NULL, NULL, NULL, 'Y', '2021-01-23 13:12:46', '2021-01-23 13:12:46', NULL, NULL, NULL, NULL, NULL),
(52, 25, 'खाद्य नागरिक आपूर्ति एवं उपभोक्ता संरक्षण विभाग(छत्तीसगढ़ राज्य खाद्य़ आयोग)\r\n                                                                                                           ', '', ' सेक्टर-17, डी, 9/10 नवा रायपुर अटल नगर, जिला-रायपुर', NULL, NULL, NULL, NULL, NULL, 'Y', '2021-01-23 13:30:50', '2021-01-23 13:30:50', NULL, NULL, NULL, NULL, NULL),
(53, 25, 'संस्कृति विभाग (छत्तीसगढ़ राजभाषा आयोग)\r\n                                                              \r\n', '', '   शहीद स्मारक भवन परिसर, रायपुर', NULL, NULL, NULL, NULL, NULL, 'Y', '2021-01-23 13:57:56', '2021-01-23 13:57:56', NULL, NULL, NULL, NULL, NULL),
(54, 25, 'सहकारिता विभाग (राज्य सहकारी निर्वाचन आयोग)                                        ', '', 'महिला थाना चैक, छोटापारा, पुराना जनसंपर्क कार्यालय, रायपुर ', NULL, NULL, NULL, 'cg.coop.election@gmail.com', NULL, 'Y', '2021-01-23 14:18:35', '2021-01-23 14:18:35', NULL, NULL, NULL, NULL, NULL),
(55, 25, 'महिला एवं बाल विकास विभाग (छत्तीसगढ़ राज्य महिला आयोग)                                                                       \r\n', '', '13 गायत्री भवन, जलविहार कालोनी, तेलीबांधा, रायपुर (छ.ग.)', NULL, '18002334299', ' 0771-2429977', 'cgmahilaayog@gmail.com', 'www.cgmahilaayog.com', 'Y', '2021-01-23 15:25:28', '2021-01-23 15:25:28', NULL, NULL, NULL, NULL, NULL),
(56, 25, 'महिला एवं बाल विकास विभाग (छत्तीसगढ़ राज्य बाल अधिकार संरक्षण आयोग)', '', ' ब्लाक नं. 11, प्लाट नं. 10/08, रायगढ़ बाड़ा, सिविल लाईन, रायपुर (छत्तीसगढ़)', NULL, NULL, '0771-2420095', 'cgscpcr@gmail.com', 'www.cgscpcr.gov.in', 'Y', '2021-01-23 15:40:09', '2021-01-23 15:40:09', NULL, NULL, NULL, NULL, NULL),
(57, 25, 'आदिम जाति तथा अनुसूचित जाति विकास विभाग(छ0ग0 राज्य पिछड़ा वर्ग आयोग)', '', '21-सी रवि नगर कलेक्ट्रट के पीछे रायपुर (छ0ग0)', NULL, NULL, NULL, NULL, NULL, 'Y', '2021-01-23 16:35:33', '2021-01-23 16:35:33', NULL, NULL, NULL, NULL, NULL),
(58, 25, 'आदिम जाति तथा अनुसूचित जाति विकास विभाग\r\n(छत्तीसगढ़ राज्य अनुसूचित जाति आयोग)\r\n', '', 'साक्षारता चैक, (कोटक महेन्द्रा बैंक के पास) सिविल लाईन, रायपुर ', NULL, NULL, NULL, NULL, NULL, 'Y', '2021-01-23 16:48:53', '2021-01-23 16:48:53', NULL, NULL, NULL, NULL, NULL),
(59, 25, 'आदिम जाति तथा अनुसूचित जाति विकास विभाग\r\n(छत्तीसगढ़ राज्य अनुसूचित जनजाति आयोग)\r\n', '', '61, जलविहार काॅलोनी, रायपुर', NULL, NULL, NULL, NULL, NULL, 'Y', '2021-01-23 16:49:56', '2021-01-23 16:49:56', NULL, NULL, NULL, NULL, NULL),
(60, 25, 'समाज कल्याण विभाग(छत्तीसगढ़ योग आयोग)\r\n', '', 'गृह निर्माण मंडल, आवासीय कालोनी, धरमपुरा, रायपुर', NULL, NULL, NULL, NULL, NULL, 'Y', '2021-01-23 22:35:38', '2021-01-23 22:35:38', NULL, NULL, NULL, NULL, NULL),
(61, 25, 'पशुधन विकास विभाग (छ.ग. राज्य गौसेवा आयोग)\r\n', '', 'तृतीय तल, नगर निगम होस्पिटल परिसर कंकाली पारा, रायपुर', NULL, NULL, NULL, NULL, NULL, 'Y', '2021-01-23 22:43:23', '2021-01-23 22:43:23', NULL, NULL, NULL, NULL, NULL),
(62, 25, 'पिछड़ा वर्ग एवं अल्पसंख्यक विकास विभाग\r\n(छत्तीसगढ़ राज्य अल्पसंख्यक आयोग)\r\n', '', 'पुराना नर्सेस हॉस्टल डी.के.एस. भवन परिसर,रायपुर (छ0ग0)', NULL, NULL, NULL, NULL, NULL, 'Y', '2021-01-24 06:10:51', '2021-01-24 06:10:51', NULL, NULL, NULL, NULL, NULL),
(63, 24, 'छत्तीसगढ़ मंत्रालय के अधिकारीगण (मुख्य सचिव कार्यालय)', '', '', NULL, NULL, NULL, NULL, NULL, 'Y', '2021-01-25 07:41:46', '2021-01-25 07:41:46', NULL, NULL, NULL, NULL, NULL);

-- --------------------------------------------------------

--
-- Table structure for table `mst_designation`
--

CREATE TABLE `mst_designation` (
  `designation_id` int(4) NOT NULL,
  `department_id` int(4) DEFAULT NULL,
  `designation_name_eng` varchar(100) CHARACTER SET utf8 DEFAULT NULL,
  `designation_name_hindi` varchar(100) CHARACTER SET utf8 DEFAULT NULL,
  `added_time` datetime DEFAULT current_timestamp(),
  `updated_time` datetime DEFAULT current_timestamp(),
  `added_ip` int(20) DEFAULT NULL,
  `update_ip` int(20) DEFAULT NULL,
  `added_by` int(20) DEFAULT NULL,
  `updated_by` varchar(20) DEFAULT NULL,
  `is_active` enum('Y','N') DEFAULT NULL
) ENGINE=InnoDB DEFAULT CHARSET=utf8mb4;

--
-- Dumping data for table `mst_designation`
--

INSERT INTO `mst_designation` (`designation_id`, `department_id`, `designation_name_eng`, `designation_name_hindi`, `added_time`, `updated_time`, `added_ip`, `update_ip`, `added_by`, `updated_by`, `is_active`) VALUES
(1, 1, NULL, 'सचिव', '2021-01-15 01:48:19', '2021-01-15 01:48:19', NULL, NULL, NULL, NULL, 'Y'),
(2, 1, NULL, 'संयुक्त सचिव ', '2021-01-15 01:48:19', '2021-01-15 01:48:19', NULL, NULL, NULL, NULL, 'Y'),
(3, 1, NULL, 'उप सचिव', '2021-01-15 01:48:19', '2021-01-15 01:48:19', NULL, NULL, NULL, NULL, 'Y'),
(4, 1, NULL, 'अवर सचिव', '2021-01-15 01:48:19', '2021-01-15 01:48:19', NULL, NULL, NULL, NULL, 'Y'),
(5, 1, NULL, 'विशेष कर्तव्यस्थ अधिकारी', '2021-01-15 01:48:19', '2021-01-15 01:48:19', NULL, NULL, NULL, NULL, 'Y'),
(6, 2, NULL, 'संसद सदस्य (राज्यसभा)', '2021-01-15 02:23:35', '2021-01-15 02:23:35', NULL, NULL, NULL, NULL, 'Y'),
(7, 3, NULL, 'संसद सदस्य (लोकसभा)', '2021-01-15 03:40:00', '2021-01-15 03:40:00', NULL, NULL, NULL, NULL, 'Y'),
(8, 3, NULL, 'राज्यमंत्री', '2021-01-15 03:40:00', '2021-01-15 03:40:00', NULL, NULL, NULL, NULL, 'Y'),
(9, 4, NULL, 'सदस्य (विधानसभा)', '2021-01-15 14:03:28', '2021-01-15 14:03:28', NULL, NULL, NULL, NULL, 'Y'),
(10, 4, NULL, 'मान संसदीय सचिव', '2021-01-15 14:03:28', '2021-01-15 14:03:28', NULL, NULL, NULL, NULL, 'Y'),
(11, 4, NULL, 'मान मंत्री', '2021-01-15 14:03:28', '2021-01-15 14:03:28', NULL, NULL, NULL, NULL, 'Y'),
(12, 4, NULL, 'मान नेता  प्रतिपक्ष', '2021-01-15 14:03:28', '2021-01-15 14:03:28', NULL, NULL, NULL, NULL, 'Y'),
(13, 4, NULL, 'मान  अध्यक्ष', '2021-01-15 14:03:28', '2021-01-15 14:03:28', NULL, NULL, NULL, NULL, 'Y'),
(14, 4, NULL, 'मान  मुख्यमंत्री', '2021-01-15 14:03:28', '2021-01-15 14:03:28', NULL, NULL, NULL, NULL, 'Y'),
(15, 5, NULL, 'न्यायाधिपति', '2021-01-15 15:17:24', '2021-01-15 15:17:24', NULL, NULL, NULL, NULL, 'Y'),
(16, 5, NULL, 'मुख्य न्यायाधिपति ', '2021-01-15 15:17:24', '2021-01-15 15:17:24', NULL, NULL, NULL, NULL, 'Y'),
(17, 6, NULL, 'चेयरमेन', '2021-01-15 15:28:06', '2021-01-15 15:28:06', NULL, NULL, NULL, NULL, 'Y'),
(18, 6, NULL, 'डायरेक्टर', '2021-01-15 15:28:06', '2021-01-15 15:28:06', NULL, NULL, NULL, NULL, 'Y'),
(19, 6, NULL, 'एडिशनल डायरेक्टर', '2021-01-15 15:28:06', '2021-01-15 15:28:06', NULL, NULL, NULL, NULL, 'Y'),
(20, 6, NULL, 'ज्वाइिंट रजिस्ट्रार', '2021-01-15 15:28:06', '2021-01-15 15:28:06', NULL, NULL, NULL, NULL, 'Y'),
(21, 7, NULL, 'महाधिवक्ता', '2021-01-15 15:58:37', '2021-01-15 15:58:37', NULL, NULL, NULL, NULL, 'Y'),
(22, 7, NULL, 'अतिरिक्त महाधिवक्ता', '2021-01-15 15:59:18', '2021-01-15 15:59:18', NULL, NULL, NULL, NULL, 'Y'),
(23, 7, NULL, 'उप महाधिवक्ता', '2021-01-15 16:03:26', '2021-01-15 16:03:26', NULL, NULL, NULL, NULL, 'Y'),
(24, 7, NULL, 'शासकीय अधिवक्ता', '2021-01-15 16:04:02', '2021-01-15 16:04:02', NULL, NULL, NULL, NULL, 'Y'),
(25, 7, NULL, 'उप शासकीय अधिवक्ता', '2021-01-15 16:04:30', '2021-01-15 16:04:30', NULL, NULL, NULL, NULL, 'Y'),
(26, 8, NULL, 'रजिस्ट्रार', '2021-01-15 18:53:27', '2021-01-15 18:53:27', NULL, NULL, NULL, NULL, 'Y'),
(27, 8, NULL, 'न्यायिक सदस्य', '2021-01-15 18:53:27', '2021-01-15 18:53:27', NULL, NULL, NULL, NULL, 'Y'),
(28, 8, NULL, 'अध्यक्ष', '2021-01-15 18:53:27', '2021-01-15 18:53:27', NULL, NULL, NULL, NULL, 'Y'),
(29, 9, NULL, 'मुख्य न्यायाधिपति, छत्तीसगढ़ उच्च न्यायालय एवं मुख्य संरक्षक महोदय', '2021-01-15 18:53:53', '2021-01-15 18:53:53', NULL, NULL, NULL, NULL, 'Y'),
(30, 9, NULL, 'न्यायाधिपति,  छत्तीसगढ़ उच्च न्यायालय एवं कार्यपालक अध्यक्ष महोदय', '2021-01-15 18:53:53', '2021-01-15 18:53:53', NULL, NULL, NULL, NULL, 'Y'),
(31, 9, NULL, 'सदस्य सचिव', '2021-01-15 18:53:53', '2021-01-15 18:53:53', NULL, NULL, NULL, NULL, 'Y'),
(32, 9, NULL, 'अवर सचिव', '2021-01-15 18:53:53', '2021-01-15 18:53:53', NULL, NULL, NULL, NULL, 'Y'),
(33, 9, NULL, 'विधिक सहायता अधिकारी', '2021-01-15 18:53:53', '2021-01-15 18:53:53', NULL, NULL, NULL, NULL, 'Y'),
(34, 9, NULL, 'सहायक संचालक', '2021-01-15 18:53:53', '2021-01-15 18:53:53', NULL, NULL, NULL, NULL, 'Y'),
(35, 10, NULL, 'कुलपति', '2021-01-15 19:33:23', '2021-01-15 19:33:23', NULL, NULL, NULL, NULL, 'Y'),
(36, 10, NULL, 'कुलसचिव (प्रभारी)', '2021-01-15 19:33:23', '2021-01-15 19:33:23', NULL, NULL, NULL, NULL, 'Y'),
(37, 11, NULL, 'पीठासीन अधिकारी', '2021-01-16 14:07:52', '2021-01-16 14:07:52', NULL, NULL, NULL, NULL, 'Y'),
(38, 12, NULL, 'प्रमुख लोकायुक्त', '2021-01-16 14:46:35', '2021-01-16 14:46:35', NULL, NULL, NULL, NULL, 'Y'),
(39, 12, NULL, 'सचिव', '2021-01-16 14:50:12', '2021-01-16 14:50:12', NULL, NULL, NULL, NULL, 'Y'),
(40, 12, NULL, '(उच्चतर न्या.से.)विधि सलाहकार', '2021-01-16 14:50:12', '2021-01-16 14:50:12', NULL, NULL, NULL, NULL, 'Y'),
(41, 12, NULL, '(उच्चतर न्या.से.)उप सचिव', '2021-01-16 14:50:12', '2021-01-16 14:50:12', NULL, NULL, NULL, NULL, 'Y'),
(42, 12, NULL, 'तकनीकी सलाहकार', '2021-01-16 14:50:12', '2021-01-16 14:50:12', NULL, NULL, NULL, NULL, 'Y'),
(43, 12, NULL, 'वित्तीय सलाहकार', '2021-01-16 14:50:12', '2021-01-16 14:50:12', NULL, NULL, NULL, NULL, 'Y'),
(44, 13, NULL, 'अध्यक्ष', '2021-01-16 19:56:31', '2021-01-16 19:56:31', NULL, NULL, NULL, NULL, 'Y'),
(45, 13, NULL, 'सचिव', '2021-01-16 19:57:11', '2021-01-16 19:57:11', NULL, NULL, NULL, NULL, 'Y'),
(46, 13, NULL, 'उप सचिव प्रशा.', '2021-01-16 19:57:39', '2021-01-16 19:57:39', NULL, NULL, NULL, NULL, 'Y'),
(47, 13, NULL, 'उपसचिव विद्यो.', '2021-01-16 19:58:23', '2021-01-16 19:58:23', NULL, NULL, NULL, NULL, 'Y'),
(48, 13, NULL, 'वित्ताधिकारी', '2021-01-16 19:58:44', '2021-01-16 19:58:44', NULL, NULL, NULL, NULL, 'Y'),
(49, 13, NULL, 'पंजीयक', '2021-01-16 19:59:13', '2021-01-16 19:59:13', NULL, NULL, NULL, NULL, 'Y'),
(50, 14, '', 'महानिदेशक', '2021-01-16 20:52:06', '2021-01-16 20:52:06', NULL, NULL, NULL, NULL, 'Y'),
(51, 14, '', 'संचालक', '2021-01-16 20:52:25', '2021-01-16 20:52:25', NULL, NULL, NULL, NULL, 'Y'),
(52, 15, '', 'अध्यक्ष', '2021-01-16 21:06:44', '2021-01-16 21:06:44', NULL, NULL, NULL, NULL, 'Y'),
(53, 15, '', 'प्रबंध निदेशक', '2021-01-16 21:07:13', '2021-01-16 21:07:13', NULL, NULL, NULL, NULL, 'Y'),
(54, 15, '', 'निदेशक', '2021-01-16 21:07:33', '2021-01-16 21:07:33', NULL, NULL, NULL, NULL, 'Y'),
(55, 16, '', 'अध्यक्ष', '2021-01-16 21:06:44', '2021-01-16 21:06:44', NULL, NULL, NULL, NULL, 'Y'),
(56, 16, '', 'प्रबंध निदेशक', '2021-01-16 21:07:13', '2021-01-16 21:07:13', NULL, NULL, NULL, NULL, 'Y'),
(57, 16, '', 'निदेशक', '2021-01-16 21:07:33', '2021-01-16 21:07:33', NULL, NULL, NULL, NULL, 'Y'),
(58, 17, '', 'अध्यक्ष', '2021-01-16 21:06:44', '2021-01-16 21:06:44', NULL, NULL, NULL, NULL, 'Y'),
(59, 17, '', 'निदेशक', '2021-01-16 21:07:33', '2021-01-16 21:07:33', NULL, NULL, NULL, NULL, 'Y'),
(60, 18, '', 'अध्यक्ष', '2021-01-16 21:06:44', '2021-01-16 21:06:44', NULL, NULL, NULL, NULL, 'Y'),
(61, 18, '', 'निदेशक', '2021-01-16 21:07:33', '2021-01-16 21:07:33', NULL, NULL, NULL, NULL, 'Y'),
(62, 19, '', 'अध्यक्ष', '2021-01-16 21:06:44', '2021-01-16 21:06:44', NULL, NULL, NULL, NULL, 'Y'),
(63, 19, '', 'प्रबंध निदेशक', '2021-01-16 21:07:13', '2021-01-16 21:07:13', NULL, NULL, NULL, NULL, 'Y'),
(64, 19, '', 'निदेशक', '2021-01-16 21:07:33', '2021-01-16 21:07:33', NULL, NULL, NULL, NULL, 'Y'),
(65, 20, '', 'महापौर', '2021-01-17 09:29:38', '2021-01-17 09:29:38', NULL, NULL, NULL, NULL, 'Y'),
(66, 21, NULL, 'आयुक्त', '2021-01-17 09:50:04', '2021-01-17 09:50:04', NULL, NULL, NULL, NULL, 'Y'),
(67, 22, NULL, 'सचिव, वित्त मंत्रालय ', '2021-01-17 10:25:38', '2021-01-17 10:25:38', NULL, NULL, NULL, NULL, 'Y'),
(68, 22, NULL, 'संयुक्त सचिव', '2021-01-17 10:26:28', '2021-01-17 10:26:28', NULL, NULL, NULL, NULL, 'Y'),
(69, 22, NULL, 'आवासीय आयुक्त', '2021-01-17 10:27:05', '2021-01-17 10:27:05', NULL, NULL, NULL, NULL, 'Y'),
(70, 22, NULL, 'निदेशक', '2021-01-17 10:27:32', '2021-01-17 10:27:32', NULL, NULL, NULL, NULL, 'Y'),
(71, 22, NULL, 'भूमि एवं विकास अधिकारी', '2021-01-17 10:28:07', '2021-01-17 10:28:07', NULL, NULL, NULL, NULL, 'Y'),
(72, 22, NULL, 'निज सचिव कृषि एवं किसान कल्याण मंत्री', '2021-01-17 10:28:34', '2021-01-17 10:28:34', NULL, NULL, NULL, NULL, 'Y'),
(73, 23, NULL, 'विशेष निदेशक', '2021-01-17 10:47:44', '2021-01-17 10:47:44', NULL, NULL, NULL, NULL, 'Y'),
(74, 23, NULL, 'संयुक्त निदेशक', '2021-01-17 10:48:10', '2021-01-17 10:48:10', NULL, NULL, NULL, NULL, 'Y'),
(75, 23, NULL, 'पुलिस उप-महानिरीक्षक', '2021-01-17 10:48:53', '2021-01-17 10:48:53', NULL, NULL, NULL, NULL, 'Y'),
(76, 23, NULL, 'उप-निदेशक', '2021-01-17 10:49:18', '2021-01-17 10:49:18', NULL, NULL, NULL, NULL, 'Y'),
(77, 23, NULL, 'निदेशक', '2021-01-17 10:49:37', '2021-01-17 10:49:37', NULL, NULL, NULL, NULL, 'Y'),
(78, 23, NULL, 'संयुक्त उप-निदेशक', '2021-01-17 10:50:40', '2021-01-17 10:50:40', NULL, NULL, NULL, NULL, 'Y'),
(79, 23, NULL, 'अधीक्षक पुलिस', '2021-01-17 10:51:03', '2021-01-17 10:51:03', NULL, NULL, NULL, NULL, 'Y'),
(80, 24, NULL, 'अतिरिक्त सचिव', '2021-01-17 13:54:31', '2021-01-17 13:54:31', NULL, NULL, NULL, NULL, 'Y'),
(81, 24, NULL, 'संयुक्त मुख्य कार्यकारी अधिकरी', '2021-01-17 13:55:03', '2021-01-17 13:55:03', NULL, NULL, NULL, NULL, 'Y'),
(82, 25, NULL, 'आवासीय आयुक्त ', '2021-01-17 14:18:41', '2021-01-17 14:18:41', NULL, NULL, NULL, NULL, 'Y'),
(83, 25, NULL, 'संयुक्त आवासीय आयुक्त', '2021-01-17 14:19:29', '2021-01-17 14:19:29', NULL, NULL, NULL, NULL, 'Y'),
(84, 25, NULL, 'लेखा अधिकारी', '2021-01-17 14:19:53', '2021-01-17 14:19:53', NULL, NULL, NULL, NULL, 'Y'),
(85, 25, NULL, 'लायजन अधिकारी', '2021-01-17 14:20:13', '2021-01-17 14:20:13', NULL, NULL, NULL, NULL, 'Y'),
(86, 25, NULL, ' सहायक लाजयन अधिकारी एवं गृह प्रबंधक छत्तीसगढ़ सदन', '2021-01-17 14:20:46', '2021-01-17 14:20:46', NULL, NULL, NULL, NULL, 'Y'),
(87, 25, NULL, 'गृह प्रबंधक छत्तीसगढ़ भवन', '2021-01-17 14:21:13', '2021-01-17 14:21:13', NULL, NULL, NULL, NULL, 'Y'),
(88, 25, NULL, 'कटोच सहायक लाजयन अधिकारी', '2021-01-17 14:21:36', '2021-01-17 14:21:36', NULL, NULL, NULL, NULL, 'Y'),
(89, 25, NULL, 'उप-अभियंता (सिविल) एवं सहायक लाजयन अधिकारी एवं नोडल अधिकारी (कोविड-19)', '2021-01-17 14:21:59', '2021-01-17 14:21:59', NULL, NULL, NULL, NULL, 'Y'),
(90, 25, NULL, 'सहायक सत्कार अधिकारी', '2021-01-17 14:24:35', '2021-01-17 14:24:35', NULL, NULL, NULL, NULL, 'Y'),
(91, 26, NULL, 'संयुक्त संचालक', '2021-01-17 15:22:41', '2021-01-17 15:22:41', NULL, NULL, NULL, NULL, 'Y'),
(92, 26, NULL, 'सहायक संचालक', '2021-01-17 15:23:02', '2021-01-17 15:23:02', NULL, NULL, NULL, NULL, 'Y'),
(93, 27, NULL, 'उप सचिव (प्रोटोकाल) एवं मुख्य राज्य शिष्टाचार अधिकारी', '2021-01-17 15:33:16', '2021-01-17 15:33:16', NULL, NULL, NULL, NULL, 'Y'),
(94, 27, NULL, 'सहायक सत्कार अधिकारी', '2021-01-17 15:34:22', '2021-01-17 15:34:22', NULL, NULL, NULL, NULL, 'Y'),
(95, 28, NULL, 'मुख्य अभियंता', '2021-01-17 18:33:36', '2021-01-17 18:33:36', NULL, NULL, NULL, NULL, 'Y'),
(96, 28, NULL, 'कार्यपालन अभियंता', '2021-01-17 18:33:58', '2021-01-17 18:33:58', NULL, NULL, NULL, NULL, 'Y'),
(97, 28, NULL, 'विद्युत सलाहकार', '2021-01-17 18:34:19', '2021-01-17 18:34:19', NULL, NULL, NULL, NULL, 'Y'),
(98, 28, NULL, 'उप अभियंता', '2021-01-17 18:34:40', '2021-01-17 18:34:40', NULL, NULL, NULL, NULL, 'Y'),
(99, 28, NULL, 'मुख्य सुरक्षा अधिकारी', '2021-01-17 18:35:12', '2021-01-17 18:35:12', NULL, NULL, NULL, NULL, 'Y'),
(100, 28, NULL, 'सुरक्षा अधिकारी', '2021-01-17 18:35:41', '2021-01-17 18:35:41', NULL, NULL, NULL, NULL, 'Y'),
(101, 28, NULL, 'अवर सचिव (अधीक्षण)', '2021-01-17 19:09:02', '2021-01-17 19:09:02', NULL, NULL, NULL, NULL, 'Y'),
(102, 28, NULL, 'अनुभाग अधिकारी (अधीक्षण)', '2021-01-17 19:09:02', '2021-01-17 19:09:02', NULL, NULL, NULL, NULL, 'Y'),
(103, 28, NULL, 'मुख्य लेखाधिकारी', '2021-01-17 19:09:02', '2021-01-17 19:09:02', NULL, NULL, NULL, NULL, 'Y'),
(104, 28, NULL, 'लेखाधिकारी', '2021-01-17 19:09:02', '2021-01-17 19:09:02', NULL, NULL, NULL, NULL, 'Y'),
(105, 28, NULL, 'अनुभाग अधिकारी', '2021-01-17 19:09:02', '2021-01-17 19:09:02', NULL, NULL, NULL, NULL, 'Y'),
(106, 28, NULL, 'वरिष्ठ तकनीकी निदेशक', '2021-01-17 19:09:02', '2021-01-17 19:09:02', NULL, NULL, NULL, NULL, 'Y'),
(107, 28, NULL, 'तकनीकी निदेशक', '2021-01-17 19:09:02', '2021-01-17 19:09:02', NULL, NULL, NULL, NULL, 'Y'),
(108, 28, NULL, 'प्रोजेक्ट एसोसिएट चिप्स', '2021-01-17 19:09:02', '2021-01-17 19:09:02', NULL, NULL, NULL, NULL, 'Y'),
(109, 28, NULL, 'वरिष्ठ ग्रंथपाल', '2021-01-17 19:09:02', '2021-01-17 19:09:02', NULL, NULL, NULL, NULL, 'Y'),
(110, 28, NULL, 'प्रापर्टी मैनेजर, सी.एम.एस', '2021-01-17 19:09:02', '2021-01-17 19:09:02', NULL, NULL, NULL, NULL, 'Y'),
(111, 28, NULL, 'बस व्यवस्था', '2021-01-17 19:09:02', '2021-01-17 19:09:02', NULL, NULL, NULL, NULL, 'Y'),
(112, 28, NULL, 'शाखा प्रबंधक', '2021-01-17 19:09:02', '2021-01-17 19:09:02', NULL, NULL, NULL, NULL, 'Y'),
(113, 28, NULL, 'सहायक प्रबंधक', '2021-01-17 19:09:02', '2021-01-17 19:09:02', NULL, NULL, NULL, NULL, 'Y'),
(114, 28, NULL, 'उप संचालक, जनसम्पर्क', '2021-01-17 19:09:02', '2021-01-17 19:09:02', NULL, NULL, NULL, NULL, 'Y'),
(115, 28, NULL, 'पोस्ट मास्टर', '2021-01-17 19:09:02', '2021-01-17 19:09:02', NULL, NULL, NULL, NULL, 'Y'),
(116, 28, NULL, 'डिवीजन इंजीनियर', '2021-01-17 19:09:02', '2021-01-17 19:09:02', NULL, NULL, NULL, NULL, 'Y'),
(117, 28, NULL, 'एसडीओ', '2021-01-17 19:09:02', '2021-01-17 19:09:02', NULL, NULL, NULL, NULL, 'Y'),
(118, 28, NULL, 'अवर सचिव', '2021-01-17 22:12:09', '2021-01-17 22:12:09', NULL, NULL, NULL, NULL, 'Y'),
(119, 28, 'NA', 'NA', '2021-01-17 22:28:13', '2021-01-17 22:28:13', NULL, NULL, NULL, NULL, 'Y'),
(130, 29, NULL, 'प्रधान सचिव', '2021-01-18 13:10:13', '2021-01-18 13:10:13', NULL, NULL, NULL, NULL, 'Y'),
(131, 1, NULL, 'प्रमुख सचिव', '2021-01-18 13:32:06', '2021-01-18 13:32:06', NULL, NULL, NULL, NULL, 'Y'),
(132, 30, NULL, 'कुलपति', '2021-01-18 16:00:08', '2021-01-18 16:00:08', NULL, NULL, NULL, NULL, 'Y'),
(133, 30, NULL, 'कुल सचिव', '2021-01-18 16:00:53', '2021-01-18 16:00:53', NULL, NULL, NULL, NULL, 'Y'),
(134, 30, NULL, 'लेखानियंत्रक', '2021-01-19 11:38:24', '2021-01-19 11:38:24', NULL, NULL, NULL, NULL, 'Y'),
(135, 30, NULL, 'निदेशक शिक्षण/परीक्षा नियंत्रक', '2021-01-19 11:38:44', '2021-01-19 11:38:44', NULL, NULL, NULL, NULL, 'Y'),
(136, 30, NULL, 'संचालक अनुसंधान सेवायें', '2021-01-19 11:39:05', '2021-01-19 11:39:05', NULL, NULL, NULL, NULL, 'Y'),
(137, 30, NULL, 'निदेशक प्रक्षेत्र (बीज एवं प्रक्षेत्र)', '2021-01-19 11:39:30', '2021-01-19 11:39:30', NULL, NULL, NULL, NULL, 'Y'),
(138, 30, NULL, 'अधिष्ठाता छात्र कल्याण', '2021-01-19 11:39:56', '2021-01-19 11:39:56', NULL, NULL, NULL, NULL, 'Y'),
(139, 30, NULL, 'अधिष्ठाता कृषि महाविद्यालय रायपुर', '2021-01-19 11:40:23', '2021-01-19 11:40:23', NULL, NULL, NULL, NULL, 'Y'),
(140, 30, NULL, 'कृषि अभियांत्रिकी, कृषि अभियांत्रिकी महाविद्यालय, रायपुर', '2021-01-19 11:40:47', '2021-01-19 11:40:47', NULL, NULL, NULL, NULL, 'Y'),
(141, 31, NULL, 'सचिव', '2021-01-19 13:31:12', '2021-01-19 13:31:12', NULL, NULL, NULL, NULL, 'Y'),
(142, 32, NULL, 'सचिव', '2021-01-19 13:43:18', '2021-01-19 13:43:18', NULL, NULL, NULL, NULL, 'Y'),
(143, 33, NULL, 'राज्यपाल के सचिव', '2021-01-20 06:32:59', '2021-01-20 06:32:59', NULL, NULL, NULL, NULL, 'Y'),
(144, 33, NULL, 'राज्यपाल के विधिक सलाहकार', '2021-01-20 06:33:33', '2021-01-20 06:33:33', NULL, NULL, NULL, NULL, 'Y'),
(145, 33, NULL, 'राज्यपाल के उप सचिव', '2021-01-20 06:33:58', '2021-01-20 06:33:58', NULL, NULL, NULL, NULL, 'Y'),
(146, 33, NULL, 'उप सचिव, संवैधानिक प्रकोष्ठ', '2021-01-20 06:34:25', '2021-01-20 06:34:25', NULL, NULL, NULL, NULL, 'Y'),
(147, 33, NULL, 'राज्यपाल के परिसहाय', '2021-01-20 06:34:55', '2021-01-20 06:34:55', NULL, NULL, NULL, NULL, 'Y'),
(148, 33, NULL, 'राज्यपाल के अवर सचिव', '2021-01-20 06:35:28', '2021-01-20 06:35:28', NULL, NULL, NULL, NULL, 'Y'),
(149, 33, NULL, 'नियंत्रक (हा.हो.)', '2021-01-20 06:35:52', '2021-01-20 06:35:52', NULL, NULL, NULL, NULL, 'Y'),
(150, 33, NULL, 'संयुक्त संचालक, जनसंपर्क', '2021-01-20 06:36:17', '2021-01-20 06:36:17', NULL, NULL, NULL, NULL, 'Y'),
(151, 33, NULL, 'मुख्य सुरक्षा अधिकारी', '2021-01-20 06:36:46', '2021-01-20 06:36:46', NULL, NULL, NULL, NULL, 'Y'),
(152, 33, NULL, 'लेखाधिकारी', '2021-01-20 06:37:30', '2021-01-20 06:37:30', NULL, NULL, NULL, NULL, 'Y'),
(153, 33, NULL, 'चिकित्सा विशेषज्ञ', '2021-01-20 06:38:44', '2021-01-20 06:38:44', NULL, NULL, NULL, NULL, 'Y'),
(154, 33, NULL, 'वरिष्ठ चिकित्सा अधिकारी', '2021-01-20 06:40:15', '2021-01-20 06:40:15', NULL, NULL, NULL, NULL, 'Y'),
(155, 33, NULL, 'आयुर्वेद चिकित्सा अधिकारी', '2021-01-20 06:40:47', '2021-01-20 06:40:47', NULL, NULL, NULL, NULL, 'Y'),
(156, 33, NULL, 'अनुभाग अधिकारी', '2021-01-20 06:41:38', '2021-01-20 06:41:38', NULL, NULL, NULL, NULL, 'Y'),
(157, 33, NULL, 'राज्यपाल के वैयक्तिक सहायक', '2021-01-20 06:42:42', '2021-01-20 06:42:42', NULL, NULL, NULL, NULL, 'Y'),
(158, 33, NULL, 'राज्यपाल के निज सचिव', '2021-01-20 06:43:09', '2021-01-20 06:43:09', NULL, NULL, NULL, NULL, 'Y'),
(159, 33, NULL, 'राज्यपाल के निज सहायक', '2021-01-20 06:43:43', '2021-01-20 06:43:43', NULL, NULL, NULL, NULL, 'Y'),
(160, 33, NULL, 'सहायक हाउस मैनेजर', '2021-01-20 06:44:05', '2021-01-20 06:44:05', NULL, NULL, NULL, NULL, 'Y'),
(161, 33, NULL, 'ए.पी.आर.ओ.', '2021-01-20 06:44:51', '2021-01-20 06:44:51', NULL, NULL, NULL, NULL, 'Y'),
(162, 34, '', 'माननीय अध्यक्ष', '2021-01-20 07:27:29', '2021-01-20 07:27:29', NULL, NULL, NULL, NULL, 'Y'),
(163, 34, '', 'माननीय उपाध्यक्ष', '2021-01-20 07:27:53', '2021-01-20 07:27:53', NULL, NULL, NULL, NULL, 'Y'),
(164, 34, '', 'मान. नेता प्रतिपक्ष', '2021-01-20 07:28:54', '2021-01-20 07:28:54', NULL, NULL, NULL, NULL, 'Y'),
(165, 34, '', 'सचिव एवं (मान.अध्यक्ष के सचिव)', '2021-01-20 07:41:20', '2021-01-20 07:41:20', NULL, NULL, NULL, NULL, 'Y'),
(166, 35, NULL, 'प्रमुख सचिव', '2021-01-20 13:01:46', '2021-01-20 13:01:46', NULL, NULL, NULL, NULL, 'Y'),
(167, 35, NULL, 'सचिव एवं मान.अध्यक्ष के सचिव', '2021-01-20 13:02:23', '2021-01-20 13:02:23', NULL, NULL, NULL, NULL, 'Y'),
(168, 35, NULL, 'अपर सचिव', '2021-01-20 13:03:10', '2021-01-20 13:03:10', NULL, NULL, NULL, NULL, 'Y'),
(169, 35, NULL, 'संचालक (सुरक्षा)', '2021-01-20 13:04:27', '2021-01-20 13:04:27', NULL, NULL, NULL, NULL, 'Y'),
(170, 35, NULL, 'उप सचिव', '2021-01-20 13:05:07', '2021-01-20 13:05:07', NULL, NULL, NULL, NULL, 'Y'),
(171, 35, NULL, 'संचालक (पुस्तकालय)', '2021-01-20 13:08:38', '2021-01-20 13:08:38', NULL, NULL, NULL, NULL, 'Y'),
(172, 35, NULL, 'वरिष्ठ सूचना अधिकारी', '2021-01-20 13:09:10', '2021-01-20 13:09:10', NULL, NULL, NULL, NULL, 'Y'),
(173, 35, NULL, 'अवर सचिव (सत्कार)', '2021-01-20 13:09:37', '2021-01-20 13:09:37', NULL, NULL, NULL, NULL, 'Y'),
(174, 35, NULL, 'अवर सचिव', '2021-01-20 13:10:10', '2021-01-20 13:10:10', NULL, NULL, NULL, NULL, 'Y'),
(175, 35, NULL, 'प्रशासकीय अधिकारी', '2021-01-20 13:17:19', '2021-01-20 13:17:19', NULL, NULL, NULL, NULL, 'Y'),
(176, 35, NULL, 'अनुसंधान अधिकारी (पुस्तकालय)', '2021-01-20 13:17:19', '2021-01-20 13:17:19', NULL, NULL, NULL, NULL, 'Y'),
(177, 35, NULL, 'उप संचालक सुरक्षा', '2021-01-20 13:17:19', '2021-01-20 13:17:19', NULL, NULL, NULL, NULL, 'Y'),
(178, 35, NULL, 'प्रवर श्रेणी प्रतिवेदक', '2021-01-20 13:17:19', '2021-01-20 13:17:19', NULL, NULL, NULL, NULL, 'Y'),
(179, 35, NULL, 'कार्यवाही संपादक', '2021-01-20 13:17:19', '2021-01-20 13:17:19', NULL, NULL, NULL, NULL, 'Y'),
(180, 35, NULL, 'सिस्टम एनालिस्ट', '2021-01-20 13:17:19', '2021-01-20 13:17:19', NULL, NULL, NULL, NULL, 'Y'),
(181, 35, NULL, 'स्टाफ ऑफिसर', '2021-01-20 13:17:19', '2021-01-20 13:17:19', NULL, NULL, NULL, NULL, 'Y'),
(182, 35, NULL, 'संदर्भ अधिकारी', '2021-01-20 13:17:19', '2021-01-20 13:17:19', NULL, NULL, NULL, NULL, 'Y'),
(183, 36, NULL, 'मुख्यमंत्री', '2021-01-21 07:19:51', '2021-01-21 07:19:51', NULL, NULL, NULL, NULL, 'Y'),
(184, 36, NULL, 'अपर मुख्य सचिव', '2021-01-21 07:19:51', '2021-01-21 07:19:51', NULL, NULL, NULL, NULL, 'Y'),
(185, 36, NULL, 'सचिव', '2021-01-21 07:19:51', '2021-01-21 07:19:51', NULL, NULL, NULL, NULL, 'Y'),
(186, 36, NULL, 'संयुक्त सचिव', '2021-01-21 07:19:51', '2021-01-21 07:19:51', NULL, NULL, NULL, NULL, 'Y'),
(187, 36, NULL, 'उप सचिव', '2021-01-21 07:19:51', '2021-01-21 07:19:51', NULL, NULL, NULL, NULL, 'Y'),
(188, 36, NULL, 'माननीय मुख्यमंत्रीजी के योजना, नीति, कृषि एवं ग्रामीण विकास सलाहकार', '2021-01-21 07:19:51', '2021-01-21 07:19:51', NULL, NULL, NULL, NULL, 'Y'),
(189, 36, NULL, 'माननीय मुख्यमंत्रीजी के राजनीतिक सलाहकार', '2021-01-21 07:19:51', '2021-01-21 07:19:51', NULL, NULL, NULL, NULL, 'Y'),
(190, 36, NULL, 'माननीय मुख्यमंत्रीजी के मीडिया सलाहकार', '2021-01-21 07:19:51', '2021-01-21 07:19:51', NULL, NULL, NULL, NULL, 'Y'),
(191, 36, NULL, 'माननीय मुख्यमंत्रीजी के संसदीय सलाहकार', '2021-01-21 07:19:51', '2021-01-21 07:19:51', NULL, NULL, NULL, NULL, 'Y'),
(192, 36, NULL, 'ओ.एस.डी.', '2021-01-21 07:19:51', '2021-01-21 07:19:51', NULL, NULL, NULL, NULL, 'Y'),
(193, 36, NULL, 'अवर सचिव', '2021-01-21 07:19:51', '2021-01-21 07:19:51', NULL, NULL, NULL, NULL, 'Y'),
(194, 37, NULL, 'मंत्री,पंचायत एवं ग्रामीण विकास, स्वास्थ्य एवं परिवार कल्याण, चिकित्सा शिक्षा, बीस सूत्रीय कार्यान्व', '2021-01-21 11:57:21', '2021-01-21 11:57:21', NULL, NULL, NULL, NULL, 'Y'),
(195, 37, NULL, ' मंत्री लोक निर्माण, गृह, जेल, धार्मिक न्यास एवं धर्मस्व, पर्यटन विभाग', '2021-01-21 11:57:21', '2021-01-21 11:57:21', NULL, NULL, NULL, NULL, 'Y'),
(196, 37, NULL, 'कृषिमंत्री, संसदीय कार्य,कृषि विकास एवं किसान कल्याण तथा जैव प्रौद्योगिकी विभाग', '2021-01-21 11:57:21', '2021-01-21 11:57:21', NULL, NULL, NULL, NULL, 'Y'),
(197, 37, NULL, 'मंत्री, स्कूल शिक्षा, आदिम जाति तथा अनुसूचित जाति विकास, पिछड़ा वर्ग एवं अल्पसंख्यक विकास एवं सहकारित', '2021-01-21 11:57:21', '2021-01-21 11:57:21', NULL, NULL, NULL, NULL, 'Y'),
(198, 37, NULL, ' मंत्री वन, परिवहन, आवास एवं पर्यावरण, विधि और विधायी कार्य विभाग', '2021-01-21 11:57:21', '2021-01-21 11:57:21', NULL, NULL, NULL, NULL, 'Y'),
(199, 37, NULL, 'मंत्री वाणिज्यिक कर (आबकारी)', '2021-01-21 11:57:21', '2021-01-21 11:57:21', NULL, NULL, NULL, NULL, 'Y'),
(200, 37, NULL, 'मंत्री नगरीय प्रशासन, विकास एवं श्रम विभाग', '2021-01-21 11:57:21', '2021-01-21 11:57:21', NULL, NULL, NULL, NULL, 'Y'),
(201, 37, NULL, 'मंत्री, छ.ग.शासन,राजस्व एवं आपदा प्रबंधन, पुनर्वास एवं वाणिज्यिक कर  (पंजीयन एवं मुद्रांक) विभाग', '2021-01-21 11:57:21', '2021-01-21 11:57:21', NULL, NULL, NULL, NULL, 'Y'),
(202, 37, NULL, 'मंत्री, लोक स्वास्थ्य यांत्रिकी एवं ग्रामोद्योग विभाग', '2021-01-21 11:57:21', '2021-01-21 11:57:21', NULL, NULL, NULL, NULL, 'Y'),
(203, 38, NULL, 'महालेखाकार', '2021-01-21 12:35:48', '2021-01-21 12:35:48', NULL, NULL, NULL, NULL, 'Y'),
(204, 39, NULL, 'अध्यक्ष', '2021-01-21 14:36:14', '2021-01-21 14:36:14', NULL, NULL, NULL, NULL, 'Y'),
(205, 40, NULL, 'अध्यक्ष', '2021-01-21 14:45:24', '2021-01-21 14:45:24', NULL, NULL, NULL, NULL, 'Y'),
(206, 40, NULL, 'सचिव', '2021-01-21 14:45:51', '2021-01-21 14:45:51', NULL, NULL, NULL, NULL, 'Y'),
(207, 40, NULL, 'अवर सचिव', '2021-01-21 14:46:14', '2021-01-21 14:46:14', NULL, NULL, NULL, NULL, 'Y'),
(208, 41, NULL, 'मंत्रिमंडल सचिव', '2021-01-21 15:40:56', '2021-01-21 15:40:56', NULL, NULL, NULL, NULL, 'Y'),
(209, 41, NULL, 'सचिव (समन्वय)', '2021-01-21 15:41:34', '2021-01-21 15:41:34', NULL, NULL, NULL, NULL, 'Y'),
(210, 41, NULL, 'सचिव (सुरक्षा) अति प्रभार', '2021-01-21 15:42:51', '2021-01-21 15:42:51', NULL, NULL, NULL, NULL, 'Y'),
(211, 42, NULL, 'अध्यक्ष', '2021-01-21 16:46:56', '2021-01-21 16:46:56', NULL, NULL, NULL, NULL, 'Y'),
(212, 43, NULL, 'आयुक्त,  विभागीय जांच', '2021-01-22 22:21:57', '2021-01-22 22:21:57', NULL, NULL, NULL, NULL, 'Y'),
(213, 43, NULL, 'तकनीकी परीक्षक (सतर्कता)', '2021-01-22 22:21:57', '2021-01-22 22:21:57', NULL, NULL, NULL, NULL, 'Y'),
(214, 43, NULL, 'प्रमुख लोकायुक्त, विशेष अन्वेषण स्थापना', '2021-01-22 22:21:57', '2021-01-22 22:21:57', NULL, NULL, NULL, NULL, 'Y'),
(215, 43, NULL, 'निदेशक/उप महानिरीक्षक(राज्य आर्थिक अपराध एवं एन्टी करप्शन ब्यूरों)', '2021-01-22 22:21:57', '2021-01-22 22:21:57', NULL, NULL, NULL, NULL, 'Y'),
(216, 43, NULL, 'पुलिस महानिदेशक', '2021-01-22 22:21:57', '2021-01-22 22:21:57', NULL, NULL, NULL, NULL, 'Y'),
(217, 43, NULL, 'विशेष पुलिस महानिदेशक,(योजना-प्रबंध/ तकनीकी सेवायें/रेल/यातायात)', '2021-01-22 22:21:57', '2021-01-22 22:21:57', NULL, NULL, NULL, NULL, 'Y'),
(218, 43, NULL, 'संचालक, लोक अभियोजन', '2021-01-22 22:21:57', '2021-01-22 22:21:57', NULL, NULL, NULL, NULL, 'Y'),
(219, 43, NULL, 'विशेष पुलिस महानिदेशक,(विआशा/नक्स.अभि./छसबल/एसटीएफ)	', '2021-01-22 22:21:57', '2021-01-22 22:21:57', NULL, NULL, NULL, NULL, 'Y'),
(220, 43, NULL, 'अति.पुलिस महानिदेशक (प्रशिक्षण)', '2021-01-22 22:21:57', '2021-01-22 22:21:57', NULL, NULL, NULL, NULL, 'Y'),
(221, 43, NULL, 'अति. पुलिस महानिदेशक(निदेशक, राज्य पुलिस अकादमी चंदखुरी)', '2021-01-22 22:21:57', '2021-01-22 22:21:57', NULL, NULL, NULL, NULL, 'Y'),
(222, 43, NULL, 'अति. पुलिस महानिदेशक,(प्रशासन)  ', '2021-01-22 22:21:57', '2021-01-22 22:21:57', NULL, NULL, NULL, NULL, 'Y'),
(223, 43, NULL, 'अतिरिक्त महानिदेशक (नगर सेना अग्निशमन एवं आपातकालीन सेवाऐं तथा राज्य आपदा मोचन बल)', '2021-01-22 22:21:57', '2021-01-22 22:21:57', NULL, NULL, NULL, NULL, 'Y'),
(224, 43, NULL, 'संचालक, राज्य न्यायालयिक विज्ञान प्रयोगशाला', '2021-01-22 22:21:57', '2021-01-22 22:21:57', NULL, NULL, NULL, NULL, 'Y'),
(225, 43, NULL, 'संचालक, संपदा', '2021-01-22 22:21:57', '2021-01-22 22:21:57', NULL, NULL, NULL, NULL, 'Y'),
(226, 43, NULL, 'आबंटन अधिकारी', '2021-01-22 22:21:57', '2021-01-22 22:21:57', NULL, NULL, NULL, NULL, 'Y'),
(227, 43, NULL, 'अधीक्षक स्टेट गैरेज', '2021-01-22 22:21:57', '2021-01-22 22:21:57', NULL, NULL, NULL, NULL, 'Y'),
(228, 43, NULL, 'संचालक(सैनिक कल्याण )', '2021-01-22 22:21:57', '2021-01-22 22:21:57', NULL, NULL, NULL, NULL, 'Y'),
(229, 43, NULL, 'महानिदेशक (जेल एवं सुधारात्मक सेवाएं) ', '2021-01-22 22:21:57', '2021-01-22 22:21:57', NULL, NULL, NULL, NULL, 'Y'),
(230, 43, NULL, ' संचालक (कोष लेखा एवं पेंशन)', '2021-01-22 22:21:57', '2021-01-22 22:21:57', NULL, NULL, NULL, NULL, 'Y'),
(231, 43, NULL, 'संचालक(स्थानीय निधि संपरीक्षा)', '2021-01-22 22:21:57', '2021-01-22 22:21:57', NULL, NULL, NULL, NULL, 'Y'),
(232, 43, NULL, 'संचालक (वित्तीय प्रबंध एवं सूचना प्रणाली)', '2021-01-22 22:21:57', '2021-01-22 22:21:57', NULL, NULL, NULL, NULL, 'Y'),
(233, 43, NULL, 'संचालक(संस्थागत वित्त)', '2021-01-22 22:21:57', '2021-01-22 22:21:57', NULL, NULL, NULL, NULL, 'Y'),
(234, 43, NULL, 'आयुक्त (वाणिज्यिक कर)', '2021-01-22 22:21:57', '2021-01-22 22:21:57', NULL, NULL, NULL, NULL, 'Y'),
(235, 43, NULL, 'आयुक्त (आबकारी)', '2021-01-22 22:21:57', '2021-01-22 22:21:57', NULL, NULL, NULL, NULL, 'Y'),
(236, 43, NULL, '  महानिरीक्षक पंजीयन एवं अधीक्षक मुद्रांक', '2021-01-22 22:21:57', '2021-01-22 22:21:57', NULL, NULL, NULL, NULL, 'Y'),
(237, 43, NULL, 'अपर परिवहन आयुक्त', '2021-01-22 22:21:57', '2021-01-22 22:21:57', NULL, NULL, NULL, NULL, 'Y'),
(238, 43, NULL, 'संचालक,उद्योग ', '2021-01-22 22:21:57', '2021-01-22 22:21:57', NULL, NULL, NULL, NULL, 'Y'),
(239, 43, NULL, 'पंजीयक, फार्म एवं संस्थायें', '2021-01-22 22:21:57', '2021-01-22 22:21:57', NULL, NULL, NULL, NULL, 'Y'),
(240, 43, NULL, '(प्रभारी, मुख्य निरीक्षक वाष्पयंत्र निरीक्षकालय)', '2021-01-22 22:21:57', '2021-01-22 22:21:57', NULL, NULL, NULL, NULL, 'Y'),
(241, 43, NULL, 'आयुक्त,कृषि', '2021-01-22 22:21:57', '2021-01-22 22:21:57', NULL, NULL, NULL, NULL, 'Y'),
(242, 43, NULL, 'कृषि उत्पादन आयुक्त एवं सचिव', '2021-01-22 22:21:57', '2021-01-22 22:21:57', NULL, NULL, NULL, NULL, 'Y'),
(243, 43, NULL, 'संचालक, राज्य कृषि प्रबंधन एवं विस्तार प्रशिक्षण संस्थान  (समेती) इं. गा.कृृ.वि. परिसर लभाण्डी, रायप', '2021-01-22 22:21:57', '2021-01-22 22:21:57', NULL, NULL, NULL, NULL, 'Y'),
(244, 43, NULL, 'संचालक उद्यानिकी', '2021-01-22 22:21:57', '2021-01-22 22:21:57', NULL, NULL, NULL, NULL, 'Y'),
(245, 43, NULL, 'पंजीयक(सहकारी संस्थाएं)', '2021-01-22 22:21:57', '2021-01-22 22:21:57', NULL, NULL, NULL, NULL, 'Y'),
(246, 43, NULL, 'संचालक(नगरीय प्रशासन एवं विकास)', '2021-01-22 22:21:57', '2021-01-22 22:21:57', NULL, NULL, NULL, NULL, 'Y'),
(247, 43, NULL, 'अतिरिक्त मुख्य कार्यपालन अधिकारी (सूडा) नगरीय प्रशासन एवं विकास', '2021-01-22 22:21:57', '2021-01-22 22:21:57', NULL, NULL, NULL, NULL, 'Y'),
(248, 43, NULL, 'संचालक, पंचायत', '2021-01-22 22:21:57', '2021-01-22 22:21:57', NULL, NULL, NULL, NULL, 'Y'),
(249, 43, NULL, 'विकास आयुक्त', '2021-01-22 22:21:57', '2021-01-22 22:21:57', NULL, NULL, NULL, NULL, 'Y'),
(250, 43, NULL, 'संचालक, प्रधानमंत्री आवास योजना (ग्रामीण)', '2021-01-22 22:21:57', '2021-01-22 22:21:57', NULL, NULL, NULL, NULL, 'Y'),
(251, 43, NULL, 'मुख्य कार्यपालन अधिकारी (छत्तीसगढ़ ग्रामीण सड़क विकास अभिकरण)', '2021-01-22 22:21:57', '2021-01-22 22:21:57', NULL, NULL, NULL, NULL, 'Y'),
(252, 43, NULL, 'मिशन संचालक (राज्य स्वच्छ भारत मिंशन (ग्रामीण)', '2021-01-22 22:21:57', '2021-01-22 22:21:57', NULL, NULL, NULL, NULL, 'Y'),
(253, 43, NULL, 'संचालक (ठाकुर प्यारेलाल पंचायत एवं ग्रामीण प्रशिक्षण संस्थान)', '2021-01-22 22:21:57', '2021-01-22 22:21:57', NULL, NULL, NULL, NULL, 'Y'),
(254, 43, NULL, 'उपाध्यक्ष (राज्य स्तरीय बीस सूत्रीय कार्यक्रम क्रियान्वयन समीक्षा समिति)', '2021-01-22 22:21:57', '2021-01-22 22:21:57', NULL, NULL, NULL, NULL, 'Y'),
(255, 43, NULL, 'आयुक्त, मनरेगा', '2021-01-22 22:21:57', '2021-01-22 22:21:57', NULL, NULL, NULL, NULL, 'Y'),
(256, 43, NULL, 'संचालक,आर्थिक एवं सांख्यिकी', '2021-01-22 22:21:57', '2021-01-22 22:21:57', NULL, NULL, NULL, NULL, 'Y'),
(257, 43, NULL, 'संचालक (खाद्य नागरिक आपूर्ति एवं उपभोक्ता संरक्षण)', '2021-01-22 22:21:57', '2021-01-22 22:21:57', NULL, NULL, NULL, NULL, 'Y'),
(258, 43, NULL, 'नियंत्रक,विधिक माप-विज्ञान ', '2021-01-22 22:21:57', '2021-01-22 22:21:57', NULL, NULL, NULL, NULL, 'Y'),
(259, 43, NULL, 'प्रमुख अभियंता (जल संसाधन विभाग)', '2021-01-22 22:21:57', '2021-01-22 22:21:57', NULL, NULL, NULL, NULL, 'Y'),
(260, 43, NULL, 'संचालक (संस्कृति एवं पुरातत्व)', '2021-01-22 22:21:57', '2021-01-22 22:21:57', NULL, NULL, NULL, NULL, 'Y'),
(261, 43, NULL, 'आयुक्त (उच्च शिक्षा)', '2021-01-22 22:21:57', '2021-01-22 22:21:57', NULL, NULL, NULL, NULL, 'Y'),
(262, 43, NULL, 'संचालक(तकनीकी शिक्षा)', '2021-01-22 22:21:57', '2021-01-22 22:21:57', NULL, NULL, NULL, NULL, 'Y'),
(263, 43, NULL, 'संचालक (रोजगार एवं प्रशिक्षण)', '2021-01-22 22:21:57', '2021-01-22 22:21:57', NULL, NULL, NULL, NULL, 'Y'),
(264, 43, NULL, 'संचालक,विमानन', '2021-01-22 22:21:57', '2021-01-22 22:21:57', NULL, NULL, NULL, NULL, 'Y'),
(265, 43, NULL, 'संचालक(महिला एवं बाल विकास)', '2021-01-22 22:21:57', '2021-01-22 22:21:57', NULL, NULL, NULL, NULL, 'Y'),
(266, 43, NULL, 'कार्यपालक निदेशक (महिला कोष)', '2021-01-22 22:21:57', '2021-01-22 22:21:57', NULL, NULL, NULL, NULL, 'Y'),
(267, 43, NULL, 'अपर संचालक,ग्रामोद्योग (रेशम प्रभाग)', '2021-01-22 22:21:57', '2021-01-22 22:21:57', NULL, NULL, NULL, NULL, 'Y'),
(268, 43, NULL, ' संचालक ग्रामोद्योग  (हाथकरघा प्रभाग) ', '2021-01-22 22:21:57', '2021-01-22 22:21:57', NULL, NULL, NULL, NULL, 'Y'),
(269, 44, NULL, 'कार्यवाहक अध्यक्ष', '2021-01-23 09:44:56', '2021-01-23 09:44:56', NULL, NULL, NULL, NULL, 'Y'),
(270, 44, NULL, 'उप सचिव', '2021-01-23 09:45:22', '2021-01-23 09:45:22', NULL, NULL, NULL, NULL, 'Y'),
(271, 45, NULL, 'राज्य मुख्य सूचना आयुक्त', '2021-01-23 10:16:41', '2021-01-23 10:16:41', NULL, NULL, NULL, NULL, 'Y'),
(272, 45, NULL, 'राज्य सूचना आयुक्त', '2021-01-23 10:17:00', '2021-01-23 10:17:00', NULL, NULL, NULL, NULL, 'Y'),
(273, 45, NULL, 'सचिव', '2021-01-23 10:17:28', '2021-01-23 10:17:28', NULL, NULL, NULL, NULL, 'Y'),
(274, 45, NULL, 'अवर सचिव', '2021-01-23 10:18:01', '2021-01-23 10:18:01', NULL, NULL, NULL, NULL, 'Y'),
(275, 46, NULL, 'अध्यक्ष', '2021-01-23 10:35:08', '2021-01-23 10:35:08', NULL, NULL, NULL, NULL, 'Y'),
(276, 46, NULL, 'सदस्य', '2021-01-23 10:35:33', '2021-01-23 10:35:33', NULL, NULL, NULL, NULL, 'Y'),
(277, 46, NULL, 'सचिव', '2021-01-23 10:35:52', '2021-01-23 10:35:52', NULL, NULL, NULL, NULL, 'Y'),
(278, 46, NULL, 'परीक्षा नियंत्रक', '2021-01-23 10:36:25', '2021-01-23 10:36:25', NULL, NULL, NULL, NULL, 'Y'),
(279, 46, NULL, 'अवर सचिव', '2021-01-23 10:36:47', '2021-01-23 10:36:47', NULL, NULL, NULL, NULL, 'Y'),
(280, 47, NULL, 'राज्य निर्वाचन आयुक्त', '2021-01-23 11:01:18', '2021-01-23 11:01:18', NULL, NULL, NULL, NULL, 'Y'),
(281, 47, NULL, 'सचिव', '2021-01-23 11:01:49', '2021-01-23 11:01:49', NULL, NULL, NULL, NULL, 'Y'),
(282, 47, NULL, 'उप सचिव', '2021-01-23 11:02:27', '2021-01-23 11:02:27', NULL, NULL, NULL, NULL, 'Y'),
(283, 48, NULL, 'संचालक', '2021-01-23 11:30:52', '2021-01-23 11:30:52', NULL, NULL, NULL, NULL, 'Y'),
(284, 49, NULL, 'अध्यक्ष', '2021-01-23 11:56:47', '2021-01-23 11:56:47', NULL, NULL, NULL, NULL, 'Y'),
(285, 49, NULL, 'सदस्य', '2021-01-23 11:58:38', '2021-01-23 11:58:38', NULL, NULL, NULL, NULL, 'Y'),
(286, 49, NULL, 'सचिव', '2021-01-23 11:58:57', '2021-01-23 11:58:57', NULL, NULL, NULL, NULL, 'Y'),
(287, 50, NULL, 'माननीय अध्यक्ष', '2021-01-23 12:50:40', '2021-01-23 12:50:40', NULL, NULL, NULL, NULL, 'Y'),
(288, 50, NULL, 'माननीय उपाध्यक्ष', '2021-01-23 12:51:14', '2021-01-23 12:51:14', NULL, NULL, NULL, NULL, 'Y'),
(289, 50, NULL, 'माननीय सदस्य', '2021-01-23 12:51:38', '2021-01-23 12:51:38', NULL, NULL, NULL, NULL, 'Y'),
(290, 50, NULL, 'सदस्य सचिव', '2021-01-23 12:52:03', '2021-01-23 12:52:03', NULL, NULL, NULL, NULL, 'Y'),
(291, 51, NULL, 'अध्यक्ष', '2021-01-23 13:15:33', '2021-01-23 13:15:33', NULL, NULL, NULL, NULL, 'Y'),
(292, 51, NULL, 'सदस्य', '2021-01-23 13:15:51', '2021-01-23 13:15:51', NULL, NULL, NULL, NULL, 'Y'),
(293, 52, NULL, 'अध्यक्ष', '2021-01-23 13:43:04', '2021-01-23 13:43:04', NULL, NULL, NULL, NULL, 'Y'),
(294, 52, NULL, 'सदस्य', '2021-01-23 13:43:27', '2021-01-23 13:43:27', NULL, NULL, NULL, NULL, 'Y'),
(295, 52, NULL, 'सदस्य सचिव', '2021-01-23 13:43:46', '2021-01-23 13:43:46', NULL, NULL, NULL, NULL, 'Y'),
(296, 53, NULL, '(मंत्री)अध्यक्ष', '2021-01-23 13:58:56', '2021-01-23 13:58:56', NULL, NULL, NULL, NULL, 'Y'),
(297, 54, NULL, 'आयुक्त', '2021-01-23 14:20:41', '2021-01-23 14:20:41', NULL, NULL, NULL, NULL, 'Y'),
(298, 54, NULL, 'सचिव', '2021-01-23 14:20:59', '2021-01-23 14:20:59', NULL, NULL, NULL, NULL, 'Y'),
(299, 55, NULL, 'अध्यक्ष', '2021-01-23 15:26:50', '2021-01-23 15:26:50', NULL, NULL, NULL, NULL, 'Y'),
(300, 55, NULL, 'प्रभारी सचिव', '2021-01-23 15:27:23', '2021-01-23 15:27:23', NULL, NULL, NULL, NULL, 'Y'),
(301, 56, NULL, 'अध्यक्ष', '2021-01-23 15:42:00', '2021-01-23 15:42:00', NULL, NULL, NULL, NULL, 'Y'),
(302, 56, NULL, 'सचिव', '2021-01-23 15:42:29', '2021-01-23 15:42:29', NULL, NULL, NULL, NULL, 'Y'),
(303, 56, NULL, 'सदस्य', '2021-01-23 15:42:50', '2021-01-23 15:42:50', NULL, NULL, NULL, NULL, 'Y'),
(304, 57, NULL, 'अध्यक्ष', '2021-01-23 16:45:18', '2021-01-23 16:45:18', NULL, NULL, NULL, NULL, 'Y'),
(305, 57, NULL, 'सदस्य', '2021-01-23 16:46:30', '2021-01-23 16:46:30', NULL, NULL, NULL, NULL, 'Y'),
(306, 57, NULL, 'सचिव', '2021-01-23 16:47:17', '2021-01-23 16:47:17', NULL, NULL, NULL, NULL, 'Y'),
(307, 58, NULL, 'अध्यक्ष', '2021-01-23 16:45:18', '2021-01-23 16:45:18', NULL, NULL, NULL, NULL, 'Y'),
(308, 58, NULL, 'सदस्य', '2021-01-23 16:46:30', '2021-01-23 16:46:30', NULL, NULL, NULL, NULL, 'Y'),
(309, 58, NULL, 'सचिव', '2021-01-23 16:47:17', '2021-01-23 16:47:17', NULL, NULL, NULL, NULL, 'Y'),
(310, 59, NULL, 'उपाध्यक्ष', '2021-01-23 16:45:18', '2021-01-23 16:45:18', NULL, NULL, NULL, NULL, 'Y'),
(311, 59, NULL, 'सदस्य', '2021-01-23 16:46:30', '2021-01-23 16:46:30', NULL, NULL, NULL, NULL, 'Y'),
(312, 59, NULL, 'सचिव', '2021-01-23 16:47:17', '2021-01-23 16:47:17', NULL, NULL, NULL, NULL, 'Y'),
(313, 60, NULL, 'अध्यक्ष', '2021-01-23 22:36:41', '2021-01-23 22:36:41', NULL, NULL, NULL, NULL, 'Y'),
(314, 61, NULL, 'मान. मंत्री जी अध्यक्ष', '2021-01-23 22:45:49', '2021-01-23 22:45:49', NULL, NULL, NULL, NULL, 'Y'),
(315, 61, NULL, 'सचिव', '2021-01-23 22:46:49', '2021-01-23 22:46:49', NULL, NULL, NULL, NULL, 'Y'),
(316, 61, NULL, 'पंजीयक', '2021-01-23 22:47:31', '2021-01-23 22:47:31', NULL, NULL, NULL, NULL, 'Y'),
(317, 62, NULL, '(केबिनेट मंत्री दर्जा)', '2021-01-24 06:11:37', '2021-01-24 06:11:37', NULL, NULL, NULL, NULL, 'Y'),
(318, 62, NULL, 'मान. सदस्य', '2021-01-24 06:12:04', '2021-01-24 06:12:04', NULL, NULL, NULL, NULL, 'Y'),
(319, 62, NULL, 'सचिव', '2021-01-24 06:12:34', '2021-01-24 06:12:34', NULL, NULL, NULL, NULL, 'Y'),
(320, 63, NULL, 'मुख्य सचिव', '2021-01-25 07:45:34', '2021-01-25 07:45:34', NULL, NULL, NULL, NULL, 'Y'),
(321, 63, NULL, 'उप सचिव	', '2021-01-25 07:45:34', '2021-01-25 07:45:34', NULL, NULL, NULL, NULL, 'Y'),
(322, 63, NULL, 'स्टाफ आफिसर', '2021-01-25 07:45:34', '2021-01-25 07:45:34', NULL, NULL, NULL, NULL, 'Y'),
(323, 63, NULL, 'निज सचिव', '2021-01-25 07:45:34', '2021-01-25 07:45:34', NULL, NULL, NULL, NULL, 'Y'),
(324, 63, NULL, 'अनुभाग अधिकारी', '2021-01-25 07:45:34', '2021-01-25 07:45:34', NULL, NULL, NULL, NULL, 'Y'),
(325, 63, NULL, 'निज सहाय', '2021-01-25 07:45:34', '2021-01-25 07:45:34', NULL, NULL, NULL, NULL, 'Y'),
(427, 31, 'test', 'test', '2021-02-01 12:37:58', '2021-02-01 12:37:58', 0, NULL, NULL, NULL, NULL);

-- --------------------------------------------------------

--
-- Table structure for table `user_login`
--

CREATE TABLE `user_login` (
  `id_register` int(11) NOT NULL,
  `office_user_id_generated` varchar(255) CHARACTER SET utf8mb4 DEFAULT NULL,
  `password` varchar(255) DEFAULT NULL,
  `salt` varchar(255) CHARACTER SET utf8mb4 DEFAULT NULL,
  `fullname` varchar(30) CHARACTER SET utf8mb4 DEFAULT NULL,
  `fk_user_role_id` int(11) DEFAULT NULL,
  `create_by` varchar(225) CHARACTER SET utf8mb4 DEFAULT NULL,
  `update_by` varchar(225) CHARACTER SET utf8mb4 DEFAULT NULL,
  `create_datetime` datetime DEFAULT current_timestamp(),
  `update_datetime` datetime DEFAULT NULL ON UPDATE current_timestamp(),
  `create_ipaddress` varchar(70) CHARACTER SET utf8mb4 DEFAULT NULL,
  `update_ipaddress` varchar(70) CHARACTER SET utf8mb4 DEFAULT NULL
) ENGINE=InnoDB DEFAULT CHARSET=utf8;

--
-- Dumping data for table `user_login`
--

INSERT INTO `user_login` (`id_register`, `office_user_id_generated`, `password`, `salt`, `fullname`, `fk_user_role_id`, `create_by`, `update_by`, `create_datetime`, `update_datetime`, `create_ipaddress`, `update_ipaddress`) VALUES
(1, 'AU1001', '0192023a7bbd73250516f069df18b500', 'i4eIRE4', 'Admin-User', 1, NULL, NULL, '2020-11-29 07:36:49', '2021-01-24 13:39:35', NULL, NULL);

-- --------------------------------------------------------

--
-- Structure for view `master_user_role`
--
DROP TABLE IF EXISTS `master_user_role`;

CREATE ALGORITHM=UNDEFINED DEFINER=`root`@`localhost` SQL SECURITY DEFINER VIEW `master_user_role`  AS SELECT `edirectory_master`.`master_user_role`.`user_role_id` AS `user_role_id`, `edirectory_master`.`master_user_role`.`role_name` AS `role_name`, `edirectory_master`.`master_user_role`.`role_code` AS `role_code`, `edirectory_master`.`master_user_role`.`access_level` AS `access_level` FROM `edirectory_master`.`master_user_role` ;

--
-- Indexes for dumped tables
--

--
-- Indexes for table `contact_details`
--
ALTER TABLE `contact_details`
  ADD PRIMARY KEY (`id`),
  ADD KEY `fk_designation` (`designation_id`),
  ADD KEY `fk_department` (`department_id`);

--
-- Indexes for table `mst_department`
--
ALTER TABLE `mst_department`
  ADD PRIMARY KEY (`dept_id`);

--
-- Indexes for table `mst_designation`
--
ALTER TABLE `mst_designation`
  ADD PRIMARY KEY (`designation_id`),
  ADD KEY `fk_dept_id` (`department_id`);

--
-- Indexes for table `user_login`
--
ALTER TABLE `user_login`
  ADD PRIMARY KEY (`id_register`);

--
-- AUTO_INCREMENT for dumped tables
--

--
-- AUTO_INCREMENT for table `contact_details`
--
ALTER TABLE `contact_details`
  MODIFY `id` int(5) NOT NULL AUTO_INCREMENT, AUTO_INCREMENT=602;

--
-- AUTO_INCREMENT for table `mst_department`
--
ALTER TABLE `mst_department`
  MODIFY `dept_id` int(4) NOT NULL AUTO_INCREMENT, AUTO_INCREMENT=64;

--
-- AUTO_INCREMENT for table `mst_designation`
--
ALTER TABLE `mst_designation`
  MODIFY `designation_id` int(4) NOT NULL AUTO_INCREMENT, AUTO_INCREMENT=428;

--
-- AUTO_INCREMENT for table `user_login`
--
ALTER TABLE `user_login`
  MODIFY `id_register` int(11) NOT NULL AUTO_INCREMENT, AUTO_INCREMENT=2;

--
-- Constraints for dumped tables
--

--
-- Constraints for table `contact_details`
--
ALTER TABLE `contact_details`
  ADD CONSTRAINT `fk_department` FOREIGN KEY (`department_id`) REFERENCES `mst_department` (`dept_id`) ON UPDATE NO ACTION,
  ADD CONSTRAINT `fk_designation` FOREIGN KEY (`designation_id`) REFERENCES `mst_designation` (`designation_id`) ON UPDATE NO ACTION;

--
-- Constraints for table `mst_designation`
--
ALTER TABLE `mst_designation`
  ADD CONSTRAINT `fk_dept_id` FOREIGN KEY (`department_id`) REFERENCES `mst_department` (`dept_id`) ON UPDATE NO ACTION;
COMMIT;

/*!40101 SET CHARACTER_SET_CLIENT=@OLD_CHARACTER_SET_CLIENT */;
/*!40101 SET CHARACTER_SET_RESULTS=@OLD_CHARACTER_SET_RESULTS */;
/*!40101 SET COLLATION_CONNECTION=@OLD_COLLATION_CONNECTION */;
